date,PET.WCRSTUS1.W,PET.WDISTUS1.W,PET.WGTSTUS1.W,PET.WRPUPUS2.W
1982-08-20,609219.0,149415.0,,
1982-08-27,608741.0,154589.0,,
1982-09-24,612419.0,158684.0,,
1982-10-01,612419.0,154461.0,,
1982-10-08,613985.0,158242.0,,
1982-10-15,607781.0,161578.0,,
1982-10-22,617763.0,162934.0,,
1982-10-29,617335.0,163615.0,,
1982-11-05,615963.0,167788.0,,
1982-11-12,609646.0,171476.0,,
1982-11-19,617599.0,176408.0,,
1982-11-26,613795.0,177220.0,,
1982-12-03,622410.0,183739.0,,
1982-12-10,629452.0,186012.0,,
1982-12-17,630630.0,180500.0,,
1982-12-24,627549.0,182191.0,,
1982-12-31,623364.0,181320.0,,
1983-01-07,621519.0,177776.0,,
1983-01-14,634468.0,175056.0,,
1983-01-21,630862.0,170674.0,,
1983-01-28,637996.0,169335.0,,
1983-02-04,633444.0,164140.0,,
1983-02-11,640679.0,156851.0,,
1983-02-18,645786.0,151762.0,,
1983-02-25,654800.0,147669.0,,
1983-03-04,646180.0,143232.0,,
1983-03-11,650270.0,140328.0,,
1983-03-18,645657.0,134386.0,,
1983-03-25,647475.0,130691.0,,
1983-04-01,643056.0,120716.0,,
1983-04-08,648846.0,113374.0,,
1983-04-15,655356.0,108005.0,,
1983-04-29,660163.0,103591.0,,
1983-05-13,663452.0,105353.0,,
1983-05-20,669661.0,105660.0,,
1983-06-03,661439.0,106526.0,,
1983-06-10,660809.0,110887.0,,
1983-06-17,660684.0,110489.0,,
1983-06-24,661690.0,110184.0,,
1983-07-01,665523.0,111977.0,,
1983-07-08,661437.0,118492.0,,
1983-07-15,660062.0,122288.0,,
1983-07-22,661544.0,125013.0,,
1983-07-29,666229.0,129243.0,,
1983-08-05,664421.0,131400.0,,
1983-08-12,658793.0,134269.0,,
1983-08-19,666568.0,137558.0,,
1983-08-26,674046.0,138537.0,,
1983-09-02,680678.0,142766.0,,
1983-09-09,679709.0,146674.0,,
1983-09-16,683787.0,150449.0,,
1983-09-23,686492.0,153838.0,,
1983-09-30,689484.0,153527.0,,
1983-10-07,692999.0,157008.0,,
1983-10-14,699225.0,157722.0,,
1983-10-21,696893.0,161612.0,,
1983-10-28,690351.0,163626.0,,
1983-11-04,704161.0,160034.0,,
1983-11-11,708907.0,162110.0,,
1983-11-18,705019.0,160733.0,,
1983-11-25,701334.0,160547.0,,
1983-12-02,697555.0,162001.0,,
1983-12-09,706710.0,159824.0,,
1983-12-16,705916.0,157021.0,,
1983-12-23,703653.0,157436.0,,
1983-12-30,705337.0,144425.0,,
1984-01-06,708734.0,138558.0,,
1984-01-13,714404.0,132425.0,,
1984-01-20,711607.0,124411.0,,
1984-01-27,708756.0,118970.0,,
1984-02-03,705612.0,116726.0,,
1984-02-10,705509.0,117705.0,,
1984-02-17,708374.0,125895.0,,
1984-02-24,704934.0,132867.0,,
1984-03-02,704980.0,129907.0,,
1984-03-09,700691.0,127991.0,,
1984-03-16,701182.0,121019.0,,
1984-03-23,698337.0,115454.0,,
1984-03-30,702304.0,112580.0,,
1984-04-06,714188.0,104946.0,,
1984-04-13,717586.0,101387.0,,
1984-04-20,718835.0,98783.0,,
1984-04-27,715681.0,99220.0,,
1984-05-04,723838.0,98671.0,,
1984-05-11,730750.0,97136.0,,
1984-05-18,740010.0,95694.0,,
1984-05-25,733307.0,94254.0,,
1984-06-01,742484.0,99267.0,,
1984-06-08,747383.0,102953.0,,
1984-06-15,746599.0,104657.0,,
1984-06-22,740444.0,111756.0,,
1984-06-29,748609.0,113277.0,,
1984-07-06,744108.0,115533.0,,
1984-07-13,750181.0,119185.0,,
1984-07-20,758675.0,122417.0,,
1984-07-27,751701.0,123507.0,,
1984-08-03,756297.0,126057.0,,
1984-08-10,759664.0,128721.0,,
1984-08-17,750944.0,132176.0,,
1984-08-24,754372.0,133575.0,,
1984-08-31,751064.0,136038.0,,
1984-09-07,748773.0,140575.0,,
1984-09-14,748108.0,139605.0,,
1984-09-21,737364.0,141027.0,,
1984-09-28,739492.0,141939.0,,
1984-10-05,743297.0,143191.0,,
1984-10-12,751690.0,148298.0,,
1984-10-19,748669.0,152974.0,,
1984-10-26,754795.0,155641.0,,
1984-11-02,751015.0,154929.0,,
1984-11-09,763846.0,157501.0,,
1984-11-16,773429.0,157133.0,,
1984-11-23,773912.0,159417.0,,
1984-11-30,768654.0,161646.0,,
1984-12-07,766366.0,158118.0,,
1984-12-14,777877.0,155273.0,,
1984-12-21,768096.0,155580.0,,
1984-12-28,771438.0,159499.0,,
1985-01-04,770428.0,162841.0,,
1985-01-11,774958.0,162711.0,,
1985-01-18,780308.0,155146.0,,
1985-01-25,772083.0,145689.0,,
1985-02-01,766692.0,143350.0,,
1985-02-08,763744.0,139186.0,,
1985-02-15,756182.0,133574.0,,
1985-02-22,754681.0,126365.0,,
1985-03-01,758276.0,123669.0,,
1985-03-08,763336.0,117561.0,,
1985-03-15,767742.0,109990.0,,
1985-03-22,771428.0,103819.0,,
1985-03-29,774415.0,98539.0,,
1985-04-05,763617.0,98195.0,,
1985-04-12,766706.0,97250.0,,
1985-04-19,772102.0,96263.0,,
1985-04-26,786256.0,95906.0,,
1985-05-03,795287.0,96584.0,,
1985-05-10,793732.0,97349.0,,
1985-05-17,796117.0,99311.0,,
1985-05-24,803864.0,100847.0,,
1985-05-31,804735.0,105001.0,,
1985-06-07,802494.0,105288.0,,
1985-06-14,804732.0,106951.0,,
1985-06-21,804696.0,107828.0,,
1985-06-28,799832.0,107941.0,,
1985-07-05,797353.0,110986.0,,
1985-07-12,792929.0,112515.0,,
1985-07-19,794981.0,115151.0,,
1985-07-26,789271.0,118360.0,,
1985-08-02,785661.0,115667.0,,
1985-08-09,791222.0,116301.0,,
1985-08-16,789594.0,117813.0,,
1985-08-23,779687.0,116902.0,,
1985-08-30,786600.0,114127.0,,
1985-09-06,781785.0,115710.0,,
1985-09-13,782583.0,115807.0,,
1985-09-20,777560.0,114625.0,,
1985-09-27,780424.0,115197.0,,
1985-10-04,783916.0,114396.0,,
1985-10-11,791591.0,116264.0,,
1985-10-18,784206.0,116398.0,,
1985-10-25,787738.0,120726.0,,
1985-11-01,780656.0,121971.0,,
1985-11-08,780274.0,123068.0,,
1985-11-15,778424.0,129291.0,,
1985-11-22,782470.0,131966.0,,
1985-11-29,785197.0,136011.0,,
1985-12-06,792203.0,141370.0,,
1985-12-13,788853.0,141618.0,,
1985-12-20,792841.0,139919.0,,
1985-12-27,791217.0,143344.0,,
1986-01-03,798463.0,145080.0,,
1986-01-10,792572.0,146695.0,,
1986-01-17,790772.0,145730.0,,
1986-01-24,799138.0,143604.0,,
1986-01-31,797385.0,138675.0,,
1986-02-07,805774.0,135529.0,,
1986-02-14,801146.0,129003.0,,
1986-02-21,795347.0,123415.0,,
1986-02-28,805240.0,114417.0,,
1986-03-07,809635.0,108817.0,,
1986-03-14,808349.0,100875.0,,
1986-03-21,811129.0,98526.0,,
1986-03-28,819985.0,97845.0,,
1986-04-04,813207.0,98896.0,,
1986-04-11,816908.0,97733.0,,
1986-04-18,814778.0,96523.0,,
1986-04-25,809669.0,97241.0,,
1986-05-02,816069.0,95321.0,,
1986-05-09,810120.0,94524.0,,
1986-05-16,802132.0,93294.0,,
1986-05-23,807720.0,92691.0,,
1986-05-30,805047.0,97589.0,,
1986-06-06,811116.0,98596.0,,
1986-06-13,799944.0,100581.0,,
1986-06-20,803586.0,103791.0,,
1986-06-27,805292.0,104308.0,,
1986-07-04,801127.0,106458.0,,
1986-07-11,801002.0,107558.0,,
1986-07-18,809815.0,111223.0,,
1986-07-25,813146.0,111673.0,,
1986-08-01,823410.0,118894.0,,
1986-08-08,816324.0,120734.0,,
1986-08-15,815062.0,121528.0,,
1986-08-22,813333.0,128999.0,,
1986-08-29,815928.0,132858.0,,
1986-09-05,811219.0,137082.0,,
1986-09-12,815806.0,143584.0,,
1986-09-19,812938.0,145849.0,,
1986-09-26,819659.0,148492.0,,
1986-10-03,822132.0,150834.0,,
1986-10-10,819391.0,153728.0,,
1986-10-17,826816.0,151815.0,,
1986-10-24,825240.0,152171.0,,
1986-10-31,835276.0,151896.0,,
1986-11-07,823166.0,153723.0,,
1986-11-14,828077.0,154088.0,,
1986-11-21,826852.0,152461.0,,
1986-11-28,830304.0,152632.0,,
1986-12-05,827450.0,154533.0,,
1986-12-12,830737.0,155991.0,,
1986-12-19,828638.0,154341.0,,
1986-12-26,817598.0,155124.0,,
1987-01-02,819387.0,155830.0,,
1987-01-09,828882.0,155298.0,,
1987-01-16,819732.0,151330.0,,
1987-01-23,817272.0,147992.0,,
1987-01-30,823390.0,143598.0,,
1987-02-06,823679.0,138733.0,,
1987-02-13,823320.0,136263.0,,
1987-02-20,824014.0,131798.0,,
1987-02-27,827982.0,128370.0,,
1987-03-06,827072.0,119593.0,,
1987-03-13,823961.0,112039.0,,
1987-03-20,831803.0,108793.0,,
1987-03-27,826956.0,106906.0,,
1987-04-03,834010.0,106854.0,,
1987-04-10,828837.0,105764.0,,
1987-04-17,820369.0,104866.0,,
1987-04-24,819417.0,103623.0,,
1987-05-01,829550.0,99823.0,,
1987-05-08,825486.0,97865.0,,
1987-05-15,823633.0,95243.0,,
1987-05-22,827225.0,95885.0,,
1987-05-29,824387.0,100667.0,,
1987-06-05,826689.0,99287.0,,
1987-06-12,827429.0,99450.0,,
1987-06-19,828312.0,102666.0,,
1987-06-26,831226.0,103561.0,,
1987-07-03,832132.0,104988.0,,
1987-07-10,830849.0,109265.0,,
1987-07-17,827036.0,111275.0,,
1987-07-24,830873.0,113447.0,,
1987-07-31,836747.0,113663.0,,
1987-08-07,831468.0,114395.0,,
1987-08-14,833262.0,119819.0,,
1987-08-21,840508.0,121360.0,,
1987-08-28,841422.0,122472.0,,
1987-09-04,845465.0,122354.0,,
1987-09-11,845005.0,126626.0,,
1987-09-18,845642.0,125585.0,,
1987-09-25,849438.0,128599.0,,
1987-10-02,848080.0,128681.0,,
1987-10-09,844855.0,128017.0,,
1987-10-16,847983.0,124975.0,,
1987-10-23,851818.0,123177.0,,
1987-10-30,864201.0,122894.0,,
1987-11-06,869362.0,120537.0,,
1987-11-13,871678.0,124785.0,,
1987-11-20,875509.0,123920.0,,
1987-11-27,873521.0,122311.0,,
1987-12-04,875851.0,127749.0,,
1987-12-11,877201.0,126770.0,,
1987-12-18,879721.0,127849.0,,
1987-12-25,879336.0,131127.0,,
1988-01-01,874314.0,137169.0,,
1988-01-08,861844.0,135783.0,,
1988-01-15,862053.0,132064.0,,
1988-01-22,861245.0,128517.0,,
1988-01-29,858440.0,126670.0,,
1988-02-05,859847.0,123132.0,,
1988-02-12,855598.0,117145.0,,
1988-02-19,864088.0,113358.0,,
1988-02-26,867717.0,111688.0,,
1988-03-04,869420.0,108209.0,,
1988-03-11,869831.0,102749.0,,
1988-03-18,873580.0,99110.0,,
1988-03-25,872216.0,94866.0,,
1988-04-01,873464.0,91965.0,,
1988-04-08,879484.0,92650.0,,
1988-04-15,879480.0,94967.0,,
1988-04-22,884261.0,93475.0,,
1988-04-29,881732.0,94899.0,,
1988-05-06,887593.0,95317.0,,
1988-05-13,890802.0,97503.0,,
1988-05-20,892721.0,97961.0,,
1988-05-27,888805.0,99817.0,,
1988-06-03,890957.0,103804.0,,
1988-06-10,889280.0,108435.0,,
1988-06-17,893477.0,109966.0,,
1988-06-24,891199.0,110636.0,,
1988-07-01,892007.0,112184.0,,
1988-07-08,890187.0,116214.0,,
1988-07-15,885007.0,117214.0,,
1988-07-22,881794.0,117481.0,,
1988-07-29,883710.0,118668.0,,
1988-08-05,881982.0,119571.0,,
1988-08-12,879618.0,120998.0,,
1988-08-19,874852.0,123661.0,,
1988-08-26,870652.0,122162.0,,
1988-09-02,865685.0,125585.0,,
1988-09-09,864719.0,131772.0,,
1988-09-16,858179.0,133801.0,,
1988-09-23,853974.0,134913.0,,
1988-09-30,860182.0,134735.0,,
1988-10-07,859596.0,134050.0,,
1988-10-14,865096.0,133318.0,,
1988-10-21,870245.0,128848.0,,
1988-10-28,872404.0,130645.0,,
1988-11-04,878098.0,129711.0,,
1988-11-11,875519.0,127212.0,,
1988-11-18,884503.0,128162.0,,
1988-11-25,880588.0,127762.0,,
1988-12-02,878419.0,128880.0,,
1988-12-09,882921.0,127340.0,,
1988-12-16,878157.0,126916.0,,
1988-12-23,873932.0,124749.0,,
1988-12-30,873167.0,125548.0,,
1989-01-06,865484.0,126817.0,,
1989-01-13,863426.0,125053.0,,
1989-01-20,867699.0,120024.0,,
1989-01-27,868194.0,119772.0,,
1989-02-03,875807.0,118010.0,,
1989-02-10,867901.0,116267.0,,
1989-02-17,869093.0,112651.0,,
1989-02-24,868629.0,110541.0,,
1989-03-03,878921.0,108402.0,,
1989-03-10,878057.0,102556.0,,
1989-03-17,883938.0,100216.0,,
1989-03-24,883413.0,96586.0,,
1989-03-31,873367.0,98147.0,,
1989-04-07,872737.0,97887.0,,
1989-04-14,868793.0,99216.0,,
1989-04-21,879185.0,97782.0,,
1989-04-28,883997.0,96738.0,,
1989-05-05,895047.0,95953.0,,
1989-05-12,897795.0,96832.0,,
1989-05-19,891310.0,94553.0,,
1989-05-26,889909.0,94986.0,,
1989-06-02,895289.0,99019.0,,
1989-06-09,892553.0,98669.0,,
1989-06-16,890135.0,97760.0,,
1989-06-23,893650.0,98421.0,,
1989-06-30,887176.0,100092.0,,
1989-07-07,887810.0,104810.0,,
1989-07-14,886281.0,109731.0,,
1989-07-21,885624.0,108828.0,,
1989-07-28,887725.0,113217.0,,
1989-08-04,887592.0,115812.0,,
1989-08-11,884553.0,116476.0,,
1989-08-18,893519.0,118002.0,,
1989-08-25,892770.0,116487.0,,
1989-09-01,893339.0,116231.0,,
1989-09-08,896173.0,118891.0,,
1989-09-15,885661.0,120684.0,,
1989-09-22,887135.0,121919.0,,
1989-09-29,890249.0,122375.0,,
1989-10-06,895525.0,121136.0,,
1989-10-13,901350.0,120163.0,,
1989-10-20,894932.0,119898.0,,
1989-10-27,900068.0,119032.0,,
1989-11-03,898681.0,119158.0,,
1989-11-10,906613.0,122191.0,,
1989-11-17,906781.0,118850.0,,
1989-11-24,903612.0,121163.0,,
1989-12-01,911872.0,121911.0,,
1989-12-08,902906.0,118134.0,,
1989-12-15,907860.0,115782.0,,
1989-12-22,905214.0,111143.0,,
1989-12-29,904134.0,106744.0,,
1990-01-05,904076.0,109207.0,210982.0,
1990-01-12,908047.0,109516.0,215395.0,
1990-01-19,906401.0,114347.0,219221.0,
1990-01-26,904351.0,119922.0,229695.0,
1990-02-02,914727.0,122954.0,234249.0,
1990-02-09,910241.0,122229.0,242038.0,
1990-02-16,907794.0,120413.0,243212.0,
1990-02-23,903218.0,118477.0,249028.0,
1990-03-02,906741.0,115706.0,251074.0,
1990-03-09,913559.0,110772.0,247348.0,
1990-03-16,912113.0,107077.0,245224.0,
1990-03-23,921348.0,103187.0,236805.0,
1990-03-30,924282.0,102203.0,230975.0,
1990-04-06,932221.0,98960.0,227448.0,
1990-04-13,933138.0,98140.0,226077.0,
1990-04-20,931578.0,96385.0,224206.0,
1990-04-27,936163.0,96581.0,223250.0,
1990-05-04,936904.0,96669.0,222618.0,
1990-05-11,942503.0,97054.0,217528.0,
1990-05-18,947177.0,98930.0,217047.0,
1990-05-25,948900.0,100713.0,218532.0,
1990-06-01,951799.0,103054.0,222014.0,
1990-06-08,953667.0,105527.0,219308.0,
1990-06-15,953182.0,108385.0,220061.0,
1990-06-22,953885.0,109580.0,218970.0,
1990-06-29,955394.0,110964.0,218597.0,
1990-07-06,952344.0,113826.0,217055.0,
1990-07-13,956879.0,117826.0,218063.0,
1990-07-20,954702.0,120499.0,218705.0,
1990-07-27,959271.0,122438.0,217799.0,
1990-08-03,951525.0,122138.0,220195.0,
1990-08-10,946681.0,122994.0,213725.0,
1990-08-17,947535.0,124943.0,216819.0,
1990-08-24,950649.0,126340.0,211198.0,
1990-08-31,946333.0,129733.0,210922.0,
1990-09-07,949206.0,134435.0,212665.0,
1990-09-14,943559.0,135971.0,219164.0,
1990-09-21,937834.0,137983.0,222160.0,
1990-09-28,928007.0,136899.0,222735.0,
1990-10-05,925894.0,134007.0,225934.0,
1990-10-12,918375.0,136646.0,225997.0,
1990-10-19,915615.0,136997.0,221043.0,
1990-10-26,916857.0,138549.0,222384.0,
1990-11-02,920758.0,137892.0,222223.0,
1990-11-09,921253.0,136160.0,219499.0,16588.0
1990-11-16,915231.0,134642.0,217040.0,17019.0
1990-11-23,911584.0,134566.0,217639.0,15686.0
1990-11-30,913758.0,134440.0,218889.0,17753.0
1990-12-07,907428.0,133203.0,220010.0,16901.0
1990-12-14,905846.0,132331.0,224219.0,16669.0
1990-12-21,907684.0,129581.0,222043.0,17953.0
1990-12-28,901612.0,129846.0,221695.0,17319.0
1991-01-04,893234.0,129423.0,221194.0,15968.0
1991-01-11,894131.0,126956.0,217923.0,17171.0
1991-01-18,892742.0,117980.0,216098.0,16699.0
1991-01-25,892735.0,115089.0,219581.0,16246.0
1991-02-01,895841.0,110890.0,222223.0,16801.0
1991-02-08,896124.0,108705.0,224079.0,16067.0
1991-02-15,900784.0,105147.0,226459.0,15627.0
1991-02-22,899428.0,104337.0,226026.0,15414.0
1991-03-01,897522.0,102276.0,221438.0,16997.0
1991-03-08,892038.0,101071.0,218986.0,16982.0
1991-03-15,895651.0,96815.0,215670.0,16914.0
1991-03-22,893991.0,97420.0,211379.0,16408.0
1991-03-29,897685.0,97028.0,212087.0,17481.0
1991-04-05,889746.0,96007.0,207908.0,16344.0
1991-04-12,894244.0,96949.0,205510.0,15888.0
1991-04-19,891158.0,98364.0,205046.0,15799.0
1991-04-26,896702.0,100598.0,205660.0,16054.0
1991-05-03,892623.0,101538.0,207496.0,
1991-05-10,892389.0,103025.0,208673.0,15995.0
1991-05-17,898381.0,102361.0,211690.0,16306.0
1991-05-24,897808.0,102974.0,213387.0,15273.0
1991-05-31,904685.0,108200.0,215678.0,16357.0
1991-06-07,905491.0,108069.0,217713.0,16226.0
1991-06-14,906290.0,111170.0,220528.0,16519.0
1991-06-21,904911.0,113705.0,219835.0,17076.0
1991-06-28,901859.0,113216.0,218757.0,17242.0
1991-07-05,903062.0,113605.0,215024.0,17363.0
1991-07-12,902012.0,120095.0,213411.0,15446.0
1991-07-19,900227.0,120306.0,213887.0,16948.0
1991-07-26,896458.0,122550.0,212122.0,16092.0
1991-08-02,897147.0,125040.0,210814.0,16672.0
1991-08-09,898861.0,126356.0,208356.0,16902.0
1991-08-16,896942.0,126038.0,207689.0,17000.0
1991-08-23,902246.0,127749.0,210098.0,16346.0
1991-08-30,904148.0,129670.0,211068.0,16731.0
1991-09-06,894389.0,132645.0,214680.0,16855.0
1991-09-13,887822.0,135574.0,215242.0,16360.0
1991-09-20,887953.0,139631.0,214984.0,17053.0
1991-09-27,892660.0,140645.0,215217.0,16984.0
1991-10-04,891572.0,138759.0,217173.0,17537.0
1991-10-11,894905.0,139319.0,213971.0,17042.0
1991-10-18,892445.0,137650.0,209834.0,17570.0
1991-10-25,901266.0,137730.0,205774.0,17092.0
1991-11-01,895148.0,139775.0,204354.0,16254.0
1991-11-08,898963.0,137673.0,199744.0,17193.0
1991-11-15,904101.0,138604.0,198464.0,17035.0
1991-11-22,898093.0,140153.0,203568.0,15978.0
1991-11-29,892636.0,142650.0,207008.0,15683.0
1991-12-06,897629.0,143692.0,212278.0,16258.0
1991-12-13,891591.0,144896.0,215414.0,16536.0
1991-12-20,887439.0,142480.0,216625.0,18161.0
1991-12-27,877359.0,144710.0,217337.0,17129.0
1992-01-03,883325.0,145185.0,222483.0,16707.0
1992-01-10,886822.0,142876.0,225305.0,16923.0
1992-01-17,885646.0,137967.0,228580.0,16600.0
1992-01-24,891317.0,132738.0,228073.0,17852.0
1992-01-31,886901.0,127538.0,227909.0,17319.0
1992-02-07,886715.0,122891.0,227243.0,17190.0
1992-02-14,884910.0,115610.0,230868.0,16630.0
1992-02-21,888085.0,112456.0,230336.0,16389.0
1992-02-28,895106.0,109417.0,231955.0,15099.0
1992-03-06,901404.0,104078.0,227662.0,16763.0
1992-03-13,895959.0,104819.0,227891.0,16004.0
1992-03-20,899490.0,100852.0,224373.0,16415.0
1992-03-27,893970.0,98451.0,222766.0,17621.0
1992-04-03,890369.0,94498.0,222186.0,16782.0
1992-04-10,898825.0,91386.0,217422.0,17783.0
1992-04-17,901631.0,91902.0,221157.0,16008.0
1992-04-24,902433.0,92789.0,221128.0,17152.0
1992-05-01,903887.0,91954.0,218510.0,17639.0
1992-05-08,903227.0,89512.0,218142.0,16020.0
1992-05-15,904522.0,89423.0,219307.0,16476.0
1992-05-22,899933.0,90180.0,220760.0,16030.0
1992-05-29,897287.0,95444.0,217988.0,15455.0
1992-06-05,898109.0,95003.0,221738.0,17005.0
1992-06-12,898908.0,97795.0,225535.0,15377.0
1992-06-19,892607.0,98645.0,227811.0,17251.0
1992-06-26,882710.0,104397.0,228449.0,14912.0
1992-07-03,881717.0,106237.0,227444.0,17100.0
1992-07-10,884380.0,109622.0,226355.0,17503.0
1992-07-17,878013.0,110287.0,225184.0,17614.0
1992-07-24,877987.0,114479.0,222592.0,16546.0
1992-07-31,883778.0,116511.0,221461.0,17100.0
1992-08-07,882007.0,120250.0,217173.0,17319.0
1992-08-14,881014.0,123014.0,213430.0,17517.0
1992-08-21,885873.0,125210.0,210106.0,17100.0
1992-08-28,878737.0,126477.0,206548.0,17636.0
1992-09-04,880886.0,125169.0,202427.0,16829.0
1992-09-11,880433.0,131943.0,204731.0,16525.0
1992-09-18,881269.0,132124.0,206719.0,16432.0
1992-09-25,876535.0,133111.0,207727.0,16251.0
1992-10-02,880511.0,131957.0,209718.0,17830.0
1992-10-09,879730.0,131990.0,207854.0,17231.0
1992-10-16,883838.0,131208.0,208652.0,17201.0
1992-10-23,884863.0,134151.0,208033.0,15859.0
1992-10-30,888470.0,136144.0,204650.0,17781.0
1992-11-06,882153.0,137682.0,209557.0,16319.0
1992-11-13,875112.0,141058.0,209701.0,16581.0
1992-11-20,880930.0,138620.0,210574.0,17392.0
1992-11-27,882477.0,140003.0,212692.0,16876.0
1992-12-04,881426.0,144763.0,212367.0,17118.0
1992-12-11,887200.0,141632.0,213282.0,17526.0
1992-12-18,887235.0,137699.0,213169.0,18197.0
1992-12-25,875615.0,138918.0,212969.0,18613.0
1993-01-01,876611.0,141903.0,216561.0,17810.0
1993-01-08,874064.0,143645.0,221306.0,15904.0
1993-01-15,882249.0,141743.0,226954.0,16119.0
1993-01-22,881251.0,137630.0,229754.0,17424.0
1993-01-29,883355.0,131446.0,236128.0,17607.0
1993-02-05,887030.0,124373.0,234121.0,18017.0
1993-02-12,893719.0,120707.0,236870.0,16811.0
1993-02-19,883668.0,117065.0,239134.0,17697.0
1993-02-26,891690.0,111818.0,239086.0,17704.0
1993-03-05,897703.0,104081.0,237243.0,17866.0
1993-03-12,903521.0,102238.0,236477.0,16253.0
1993-03-19,891156.0,99817.0,232213.0,17894.0
1993-03-26,899598.0,96510.0,229323.0,17571.0
1993-04-02,900495.0,97317.0,228289.0,16100.0
1993-04-09,913006.0,98606.0,227603.0,16753.0
1993-04-16,903746.0,97070.0,225814.0,17201.0
1993-04-23,906088.0,100234.0,224438.0,17500.0
1993-04-30,910430.0,98888.0,221834.0,17920.0
1993-05-07,911324.0,101227.0,221330.0,16545.0
1993-05-14,916789.0,99764.0,218162.0,17054.0
1993-05-21,920155.0,100658.0,218431.0,16418.0
1993-05-28,916420.0,102480.0,229887.0,17417.0
1993-06-04,914807.0,101178.0,226781.0,16676.0
1993-06-11,906891.0,104105.0,224637.0,16674.0
1993-06-18,916450.0,106827.0,224796.0,17393.0
1993-06-25,922740.0,106993.0,222719.0,16699.0
1993-07-02,914521.0,110497.0,220348.0,17931.0
1993-07-09,918171.0,116090.0,220802.0,16716.0
1993-07-16,926522.0,118568.0,216794.0,17689.0
1993-07-23,920995.0,120335.0,214341.0,17771.0
1993-07-30,916578.0,121335.0,214965.0,16717.0
1993-08-06,917991.0,121806.0,209070.0,18595.0
1993-08-13,913740.0,122918.0,207716.0,17752.0
1993-08-20,909179.0,125490.0,202045.0,18190.0
1993-08-27,910619.0,124544.0,201221.0,17330.0
1993-09-03,904586.0,127238.0,202354.0,16367.0
1993-09-10,905908.0,130732.0,201269.0,17653.0
1993-09-17,906793.0,131296.0,204378.0,17292.0
1993-09-24,897592.0,131457.0,208036.0,17282.0
1993-10-01,895578.0,131065.0,208245.0,17326.0
1993-10-08,899907.0,132914.0,209116.0,17069.0
1993-10-15,895285.0,133430.0,208432.0,18316.0
1993-10-22,902793.0,134378.0,207949.0,17343.0
1993-10-29,904663.0,139109.0,209067.0,17207.0
1993-11-05,901318.0,137564.0,208140.0,17859.0
1993-11-12,906498.0,138384.0,210759.0,17134.0
1993-11-19,901306.0,138781.0,213301.0,18031.0
1993-11-26,902758.0,141767.0,217591.0,16341.0
1993-12-03,908302.0,146209.0,222584.0,16879.0
1993-12-10,914631.0,144663.0,222110.0,18435.0
1993-12-17,917131.0,140788.0,223106.0,18538.0
1993-12-24,916963.0,142473.0,224655.0,16958.0
1993-12-31,910560.0,144694.0,225013.0,17178.0
1994-01-07,903673.0,140003.0,228804.0,17837.0
1994-01-14,903479.0,134605.0,230806.0,17878.0
1994-01-21,898067.0,125677.0,230603.0,18020.0
1994-01-28,901175.0,116709.0,234542.0,19126.0
1994-02-04,905029.0,108250.0,233869.0,17827.0
1994-02-11,900674.0,104666.0,230508.0,18288.0
1994-02-18,903702.0,102495.0,229691.0,18229.0
1994-02-25,896520.0,101361.0,229471.0,17104.0
1994-03-04,904138.0,99097.0,226080.0,17384.0
1994-03-11,899062.0,99466.0,224966.0,16848.0
1994-03-18,912941.0,98771.0,221918.0,17245.0
1994-03-25,907810.0,97215.0,216977.0,16880.0
1994-04-01,907886.0,99172.0,213868.0,19815.0
1994-04-08,909488.0,97442.0,211837.0,17495.0
1994-04-15,912342.0,99302.0,210367.0,16689.0
1994-04-22,912420.0,97913.0,215827.0,17145.0
1994-04-29,913330.0,101258.0,215173.0,17937.0
1994-05-06,907637.0,102692.0,220806.0,16811.0
1994-05-13,906693.0,106128.0,221215.0,16683.0
1994-05-20,908347.0,104418.0,217833.0,18131.0
1994-05-27,907253.0,107136.0,214405.0,18426.0
1994-06-03,902769.0,111284.0,216725.0,15824.0
1994-06-10,899965.0,113247.0,216815.0,18080.0
1994-06-17,898398.0,116909.0,215440.0,17153.0
1994-06-24,901877.0,117228.0,214928.0,18109.0
1994-07-01,902820.0,120076.0,213577.0,16950.0
1994-07-08,903485.0,125133.0,213607.0,17221.0
1994-07-15,906667.0,127666.0,210786.0,17142.0
1994-07-22,909925.0,129199.0,210340.0,18143.0
1994-07-29,904073.0,132315.0,208515.0,16795.0
1994-08-05,901556.0,132895.0,208802.0,17899.0
1994-08-12,904670.0,134435.0,204759.0,17994.0
1994-08-19,901834.0,137256.0,204822.0,18085.0
1994-08-26,899390.0,134858.0,206501.0,17052.0
1994-09-02,899205.0,138328.0,203398.0,18275.0
1994-09-09,898945.0,141767.0,207682.0,17047.0
1994-09-16,900400.0,145413.0,207967.0,17095.0
1994-09-23,906295.0,144496.0,207262.0,17853.0
1994-09-30,909566.0,144818.0,208167.0,17090.0
1994-10-07,908634.0,146951.0,208597.0,17014.0
1994-10-14,913075.0,145170.0,206013.0,18477.0
1994-10-21,911246.0,146331.0,202644.0,17315.0
1994-10-28,920581.0,143730.0,197671.0,17715.0
1994-11-04,919593.0,141964.0,200812.0,17423.0
1994-11-11,918863.0,141934.0,202319.0,17419.0
1994-11-18,915885.0,140020.0,206074.0,17680.0
1994-11-25,913413.0,143608.0,208845.0,17381.0
1994-12-02,913367.0,145010.0,214685.0,16226.0
1994-12-09,911878.0,141539.0,212280.0,19222.0
1994-12-16,911223.0,141222.0,212555.0,17096.0
1994-12-23,911909.0,139266.0,210269.0,19491.0
1994-12-30,904519.0,142265.0,210379.0,17859.0
1995-01-06,906233.0,142731.0,213545.0,17692.0
1995-01-13,904948.0,141844.0,215577.0,17340.0
1995-01-20,898534.0,141064.0,217341.0,17121.0
1995-01-27,898253.0,136626.0,220092.0,17105.0
1995-02-03,901480.0,134993.0,222808.0,16966.0
1995-02-10,895147.0,129519.0,224086.0,17766.0
1995-02-17,902510.0,123966.0,225627.0,18514.0
1995-02-24,896939.0,121206.0,224867.0,18222.0
1995-03-03,899905.0,119974.0,226427.0,16863.0
1995-03-10,900392.0,117126.0,225052.0,17861.0
1995-03-17,900931.0,117534.0,221863.0,17059.0
1995-03-24,904981.0,117708.0,219388.0,16781.0
1995-03-31,912742.0,119081.0,212188.0,17665.0
1995-04-07,909938.0,115073.0,211126.0,17563.0
1995-04-14,911122.0,111837.0,209230.0,17114.0
1995-04-21,914145.0,113601.0,207445.0,17499.0
1995-04-28,910037.0,114444.0,208167.0,17561.0
1995-05-05,908116.0,112323.0,208961.0,16665.0
1995-05-12,908938.0,113359.0,209092.0,16984.0
1995-05-19,904789.0,112511.0,207135.0,17673.0
1995-05-26,901770.0,114253.0,209982.0,16365.0
1995-06-02,899614.0,116107.0,208602.0,17521.0
1995-06-09,899059.0,115804.0,207887.0,17662.0
1995-06-16,898570.0,117323.0,210280.0,17922.0
1995-06-23,891103.0,116322.0,208332.0,18346.0
1995-06-30,894829.0,116458.0,207619.0,18202.0
1995-07-07,893654.0,119134.0,207854.0,16901.0
1995-07-14,893637.0,122603.0,208280.0,17547.0
1995-07-21,886757.0,121931.0,207955.0,17774.0
1995-07-28,889706.0,122628.0,207406.0,19506.0
1995-08-04,882865.0,124400.0,204700.0,17827.0
1995-08-11,885340.0,124739.0,203559.0,17384.0
1995-08-18,877950.0,124388.0,199666.0,18232.0
1995-08-25,880903.0,124377.0,196058.0,17961.0
1995-09-01,888324.0,127310.0,197186.0,17603.0
1995-09-08,883722.0,129905.0,196620.0,18087.0
1995-09-15,882818.0,133639.0,194930.0,17584.0
1995-09-22,882268.0,131694.0,196796.0,17547.0
1995-09-29,877213.0,132005.0,202806.0,16378.0
1995-10-06,872829.0,131434.0,201137.0,17951.0
1995-10-13,872804.0,133528.0,198720.0,17704.0
1995-10-20,874975.0,131632.0,199377.0,17962.0
1995-10-27,876499.0,128734.0,197584.0,18169.0
1995-11-03,879790.0,130050.0,195596.0,17461.0
1995-11-10,878159.0,131011.0,190148.0,18344.0
1995-11-17,887768.0,130504.0,192278.0,18258.0
1995-11-24,893847.0,133426.0,193076.0,17321.0
1995-12-01,890735.0,134885.0,196904.0,17841.0
1995-12-08,886475.0,133613.0,196587.0,18978.0
1995-12-15,892325.0,129379.0,198690.0,18355.0
1995-12-22,886465.0,126452.0,197873.0,19138.0
1995-12-29,876239.0,128268.0,203744.0,17302.0
1996-01-05,877271.0,130131.0,203560.0,18459.0
1996-01-12,880191.0,125364.0,205546.0,18285.0
1996-01-19,884469.0,121184.0,210659.0,17898.0
1996-01-26,882724.0,116922.0,211887.0,18294.0
1996-02-02,880314.0,111644.0,214405.0,18152.0
1996-02-09,878080.0,102876.0,213627.0,19548.0
1996-02-16,875010.0,98416.0,212443.0,18863.0
1996-02-23,875353.0,98896.0,210443.0,17871.0
1996-03-01,872078.0,96810.0,213605.0,17957.0
1996-03-08,880303.0,96882.0,209769.0,17610.0
1996-03-15,875021.0,92696.0,209171.0,18193.0
1996-03-22,873804.0,88281.0,205883.0,18561.0
1996-03-29,869246.0,89008.0,203802.0,17705.0
1996-04-05,871553.0,87627.0,201988.0,17941.0
1996-04-12,871467.0,88394.0,201051.0,17391.0
1996-04-19,866788.0,87153.0,203880.0,16895.0
1996-04-26,865917.0,87737.0,204218.0,16874.0
1996-05-03,873097.0,89442.0,204185.0,17305.0
1996-05-10,871395.0,90494.0,202692.0,17910.0
1996-05-17,866935.0,90406.0,204906.0,16887.0
1996-05-24,868063.0,92907.0,205722.0,18920.0
1996-05-31,879330.0,96069.0,206134.0,17646.0
1996-06-07,877666.0,96339.0,205584.0,17600.0
1996-06-14,874656.0,99386.0,205494.0,17339.0
1996-06-21,874178.0,99833.0,206541.0,18556.0
1996-06-28,881031.0,100441.0,202987.0,18955.0
1996-07-05,882687.0,102874.0,201677.0,17354.0
1996-07-12,879679.0,104383.0,200373.0,17687.0
1996-07-19,875440.0,104280.0,198977.0,17901.0
1996-07-26,876086.0,102629.0,197609.0,18953.0
1996-08-02,873207.0,104053.0,196821.0,18770.0
1996-08-09,870523.0,103690.0,198222.0,17787.0
1996-08-16,871882.0,104848.0,198433.0,17541.0
1996-08-23,881010.0,105535.0,196254.0,18458.0
1996-08-30,874299.0,109025.0,192908.0,17974.0
1996-09-06,870137.0,111522.0,191733.0,18052.0
1996-09-13,866819.0,112289.0,192000.0,17555.0
1996-09-20,867471.0,111771.0,193526.0,17999.0
1996-09-27,860303.0,110974.0,197717.0,17938.0
1996-10-04,859926.0,112259.0,197019.0,18664.0
1996-10-11,856619.0,111374.0,194410.0,18129.0
1996-10-18,862360.0,111265.0,190525.0,18974.0
1996-10-25,859301.0,114978.0,189283.0,18373.0
1996-11-01,869551.0,114463.0,191956.0,18687.0
1996-11-08,864383.0,114146.0,190180.0,18540.0
1996-11-15,861687.0,113220.0,188595.0,18490.0
1996-11-22,855564.0,114490.0,187261.0,18100.0
1996-11-29,854847.0,118372.0,190483.0,17558.0
1996-12-06,852835.0,120753.0,194748.0,17683.0
1996-12-13,849608.0,120544.0,191420.0,19464.0
1996-12-20,841779.0,119024.0,191053.0,18972.0
1996-12-27,843594.0,123135.0,192014.0,18421.0
1997-01-03,834666.0,126155.0,198239.0,16375.0
1997-01-10,838772.0,125807.0,199994.0,18085.0
1997-01-17,836679.0,121001.0,201457.0,18614.0
1997-01-24,839646.0,118478.0,203639.0,18258.0
1997-01-31,844691.0,114237.0,206951.0,18335.0
1997-02-07,847731.0,109425.0,210991.0,18000.0
1997-02-14,852214.0,105766.0,209302.0,18207.0
1997-02-21,852050.0,105280.0,205464.0,17900.0
1997-02-28,846627.0,106410.0,203206.0,16973.0
1997-03-07,851957.0,106030.0,203693.0,17422.0
1997-03-14,852059.0,102794.0,199745.0,18197.0
1997-03-21,850971.0,100213.0,198774.0,18350.0
1997-03-28,857317.0,97884.0,196930.0,18360.0
1997-04-04,857515.0,96847.0,195697.0,18385.0
1997-04-11,860134.0,98392.0,195928.0,17720.0
1997-04-18,861594.0,95728.0,195927.0,18383.0
1997-04-25,864420.0,94098.0,196025.0,17646.0
1997-05-02,864354.0,96765.0,193561.0,20017.0
1997-05-09,870743.0,96365.0,198261.0,18304.0
1997-05-16,865308.0,98787.0,198672.0,18468.0
1997-05-23,868522.0,102184.0,199831.0,18719.0
1997-05-30,872724.0,108039.0,200728.0,17149.0
1997-06-06,872308.0,110490.0,203327.0,18366.0
1997-06-13,871048.0,111731.0,205177.0,18623.0
1997-06-20,870585.0,113491.0,205512.0,19154.0
1997-06-27,864858.0,116230.0,204006.0,18920.0
1997-07-04,869677.0,116592.0,203747.0,19309.0
1997-07-11,867214.0,121445.0,199751.0,18456.0
1997-07-18,865229.0,120542.0,197484.0,19552.0
1997-07-25,855339.0,120642.0,193695.0,19141.0
1997-08-01,854575.0,122610.0,190575.0,18108.0
1997-08-08,859710.0,121988.0,189078.0,18472.0
1997-08-15,860334.0,124521.0,186197.0,19298.0
1997-08-22,855080.0,126255.0,187035.0,18507.0
1997-08-29,853478.0,128760.0,185563.0,19159.0
1997-09-05,847380.0,133859.0,187167.0,17595.0
1997-09-12,851171.0,133998.0,189628.0,18546.0
1997-09-19,847288.0,135500.0,194289.0,18274.0
1997-09-26,848606.0,135753.0,195544.0,19489.0
1997-10-03,853393.0,135746.0,197648.0,19201.0
1997-10-10,851216.0,136242.0,196796.0,18956.0
1997-10-17,847918.0,136910.0,196969.0,18480.0
1997-10-24,852523.0,135023.0,197561.0,18848.0
1997-10-31,858542.0,134273.0,197629.0,19074.0
1997-11-07,857233.0,135455.0,196540.0,19124.0
1997-11-14,862514.0,134252.0,197638.0,18611.0
1997-11-21,866288.0,133967.0,196590.0,19266.0
1997-11-28,869108.0,133161.0,199440.0,18485.0
1997-12-05,864350.0,135517.0,198579.0,19260.0
1997-12-12,866890.0,135548.0,201916.0,18889.0
1997-12-19,862912.0,133477.0,201609.0,19807.0
1997-12-26,859660.0,131063.0,204930.0,19288.0
1998-01-02,853194.0,136956.0,210220.0,17809.0
1998-01-09,852114.0,139236.0,216176.0,17977.0
1998-01-16,863326.0,136776.0,217925.0,18876.0
1998-01-23,869012.0,133652.0,217464.0,19251.0
1998-01-30,868440.0,131374.0,217934.0,18553.0
1998-02-06,868412.0,129556.0,220625.0,17891.0
1998-02-13,870115.0,128948.0,218239.0,18977.0
1998-02-20,872998.0,127045.0,218785.0,18429.0
1998-02-27,871399.0,126615.0,219852.0,17357.0
1998-03-06,870624.0,126572.0,218013.0,19252.0
1998-03-13,868563.0,124898.0,214200.0,19225.0
1998-03-20,875032.0,123577.0,215334.0,17872.0
1998-03-27,876626.0,121244.0,214760.0,18287.0
1998-04-03,877995.0,120571.0,210823.0,19372.0
1998-04-10,883325.0,122396.0,210377.0,18264.0
1998-04-17,888332.0,122439.0,211207.0,19102.0
1998-04-24,888635.0,121821.0,212209.0,18377.0
1998-05-01,890794.0,122520.0,212269.0,17915.0
1998-05-08,890131.0,124050.0,216119.0,17793.0
1998-05-15,901354.0,123259.0,213223.0,19609.0
1998-05-22,898108.0,126329.0,215208.0,17946.0
1998-05-29,893820.0,131370.0,218181.0,17939.0
1998-06-05,892960.0,130454.0,219566.0,19790.0
1998-06-12,890262.0,131231.0,220053.0,18903.0
1998-06-19,888610.0,131957.0,222740.0,18696.0
1998-06-26,890271.0,131676.0,222381.0,19313.0
1998-07-03,887485.0,133695.0,218243.0,19592.0
1998-07-10,880854.0,135707.0,221489.0,18272.0
1998-07-17,886395.0,140135.0,218840.0,19305.0
1998-07-24,890224.0,143345.0,219060.0,18487.0
1998-07-31,890907.0,144032.0,215752.0,18598.0
1998-08-07,891852.0,144002.0,212407.0,19243.0
1998-08-14,891316.0,144831.0,210064.0,19356.0
1998-08-21,884438.0,144930.0,208848.0,19532.0
1998-08-28,884120.0,143647.0,209179.0,19917.0
1998-09-04,875483.0,144689.0,207008.0,18801.0
1998-09-11,873101.0,148689.0,205691.0,18909.0
1998-09-18,863762.0,149684.0,208649.0,18467.0
1998-09-25,866859.0,152563.0,207493.0,18653.0
1998-10-02,869319.0,152101.0,207114.0,18539.0
1998-10-09,876108.0,149284.0,199486.0,19555.0
1998-10-16,879653.0,147428.0,201383.0,17961.0
1998-10-23,883390.0,147214.0,199734.0,17954.0
1998-10-30,887165.0,145118.0,200204.0,19196.0
1998-11-06,886358.0,145151.0,201825.0,17950.0
1998-11-13,884412.0,145910.0,206343.0,19601.0
1998-11-20,889569.0,145268.0,205683.0,18827.0
1998-11-27,884001.0,147996.0,205697.0,18703.0
1998-12-04,882480.0,149556.0,208189.0,17206.0
1998-12-11,885899.0,152754.0,210252.0,18422.0
1998-12-18,891889.0,151195.0,208330.0,19974.0
1998-12-25,889231.0,152532.0,209868.0,19450.0
1999-01-01,874253.0,153929.0,210839.0,19550.0
1999-01-08,876793.0,154236.0,217574.0,18181.0
1999-01-15,879500.0,147748.0,221987.0,19284.0
1999-01-22,885553.0,144253.0,220885.0,19266.0
1999-01-29,888135.0,144134.0,223083.0,18268.0
1999-02-05,888536.0,142894.0,228189.0,18492.0
1999-02-12,887344.0,143281.0,226045.0,19402.0
1999-02-19,890431.0,141400.0,229300.0,18379.0
1999-02-26,887225.0,140153.0,227413.0,19730.0
1999-03-05,890217.0,136371.0,226726.0,19172.0
1999-03-12,893880.0,131943.0,222905.0,19049.0
1999-03-19,896687.0,126880.0,219788.0,18730.0
1999-03-26,900490.0,122106.0,214520.0,19191.0
1999-04-02,898719.0,124458.0,214306.0,18149.0
1999-04-09,900836.0,129208.0,217386.0,17225.0
1999-04-16,897680.0,125886.0,216866.0,19521.0
1999-04-23,894237.0,127675.0,214741.0,18792.0
1999-04-30,892096.0,127434.0,218406.0,18025.0
1999-05-07,889490.0,127311.0,222885.0,18527.0
1999-05-14,890544.0,128194.0,221972.0,17424.0
1999-05-21,888221.0,130493.0,221589.0,18721.0
1999-05-28,887174.0,131664.0,223026.0,18889.0
1999-06-04,889310.0,131277.0,226048.0,19246.0
1999-06-11,892267.0,133578.0,221080.0,19103.0
1999-06-18,889544.0,130411.0,220647.0,19484.0
1999-06-25,887820.0,130676.0,217966.0,19539.0
1999-07-02,887625.0,130772.0,214637.0,19416.0
1999-07-09,891313.0,134597.0,211022.0,17972.0
1999-07-16,892891.0,136057.0,208902.0,19338.0
1999-07-23,887715.0,136863.0,205424.0,19670.0
1999-07-30,884315.0,136901.0,204179.0,19483.0
1999-08-06,882048.0,135889.0,201096.0,19870.0
1999-08-13,881318.0,137593.0,202026.0,19701.0
1999-08-20,876793.0,139736.0,202168.0,19443.0
1999-08-27,877355.0,141615.0,200462.0,19603.0
1999-09-03,872914.0,141096.0,198532.0,19853.0
1999-09-10,868632.0,142659.0,200464.0,19344.0
1999-09-17,867995.0,143717.0,201304.0,19267.0
1999-09-24,863738.0,145944.0,199923.0,19037.0
1999-10-01,863271.0,144885.0,201114.0,19646.0
1999-10-08,856062.0,143767.0,203234.0,19488.0
1999-10-15,860081.0,143261.0,202656.0,19980.0
1999-10-22,860350.0,139845.0,199785.0,19783.0
1999-10-29,864071.0,137974.0,197816.0,19803.0
1999-11-05,861746.0,134042.0,195514.0,19974.0
1999-11-12,863524.0,132011.0,191450.0,20383.0
1999-11-19,858663.0,129432.0,190202.0,19799.0
1999-11-26,853174.0,131538.0,191068.0,19115.0
1999-12-03,852178.0,134773.0,196648.0,19552.0
1999-12-10,845452.0,131816.0,195581.0,19723.0
1999-12-17,844622.0,128879.0,194295.0,19124.0
1999-12-24,844029.0,123147.0,192797.0,20288.0
1999-12-31,842310.0,119659.0,191997.0,20293.0
2000-01-07,844791.0,122685.0,194173.0,19363.0
2000-01-14,844982.0,118825.0,198240.0,18222.0
2000-01-21,843147.0,110647.0,200815.0,19116.0
2000-01-28,835028.0,106497.0,201447.0,19899.0
2000-02-04,838976.0,99621.0,200937.0,19123.0
2000-02-11,839088.0,99465.0,199593.0,19206.0
2000-02-18,838780.0,99273.0,196688.0,19438.0
2000-02-25,838911.0,101005.0,196523.0,19169.0
2000-03-03,843876.0,102656.0,200970.0,17933.0
2000-03-10,844307.0,102679.0,198819.0,19995.0
2000-03-17,845945.0,101573.0,199255.0,19022.0
2000-03-24,845795.0,98911.0,201120.0,19284.0
2000-03-31,847336.0,97259.0,203808.0,18862.0
2000-04-07,850183.0,96666.0,203566.0,18556.0
2000-04-14,855678.0,92840.0,202022.0,19672.0
2000-04-21,860748.0,93723.0,200684.0,18735.0
2000-04-28,857484.0,96433.0,202506.0,18842.0
2000-05-05,862020.0,95768.0,200770.0,19378.0
2000-05-12,862270.0,96134.0,202479.0,18932.0
2000-05-19,863219.0,97422.0,203561.0,19990.0
2000-05-26,858618.0,98075.0,201075.0,19458.0
2000-06-02,854488.0,102540.0,201348.0,18817.0
2000-06-09,853052.0,104943.0,202699.0,19345.0
2000-06-16,848491.0,103444.0,202768.0,19965.0
2000-06-23,847822.0,103772.0,204280.0,19740.0
2000-06-30,846028.0,103748.0,204522.0,19746.0
2000-07-07,847777.0,108480.0,205147.0,19135.0
2000-07-14,847768.0,109263.0,205638.0,20022.0
2000-07-21,848042.0,110409.0,206907.0,19268.0
2000-07-28,837588.0,110720.0,206253.0,20143.0
2000-08-04,840011.0,110192.0,204582.0,20341.0
2000-08-11,843925.0,111475.0,202442.0,20464.0
2000-08-18,839767.0,112399.0,201200.0,19394.0
2000-08-25,842054.0,112427.0,196372.0,20226.0
2000-09-01,844797.0,112317.0,195498.0,19776.0
2000-09-08,844129.0,114584.0,191795.0,20320.0
2000-09-15,841647.0,115937.0,187566.0,20133.0
2000-09-22,841146.0,114941.0,190559.0,20318.0
2000-09-29,841541.0,114194.0,195621.0,19558.0
2000-10-06,842032.0,113691.0,195840.0,18974.0
2000-10-13,837997.0,112799.0,193261.0,20289.0
2000-10-20,840402.0,112211.0,192240.0,20436.0
2000-10-27,836037.0,113556.0,188097.0,20217.0
2000-11-03,832589.0,115710.0,186147.0,20499.0
2000-11-10,832589.0,115161.0,189003.0,19871.0
2000-11-17,834581.0,114934.0,188941.0,20063.0
2000-11-24,828454.0,116609.0,191190.0,19243.0
2000-12-01,828995.0,120045.0,195234.0,19111.0
2000-12-08,820530.0,115290.0,196568.0,20631.0
2000-12-15,819194.0,116188.0,198983.0,20611.0
2000-12-22,816514.0,114693.0,196401.0,20080.0
2000-12-29,813959.0,116064.0,193771.0,21494.0
2001-01-05,812750.0,116761.0,195663.0,21098.0
2001-01-12,811740.0,115174.0,198713.0,20817.0
2001-01-19,810630.0,116151.0,200703.0,19414.0
2001-01-26,807060.0,114469.0,205882.0,20248.0
2001-02-02,810971.0,115339.0,203783.0,20342.0
2001-02-09,814338.0,116147.0,202920.0,20001.0
2001-02-16,802458.0,117706.0,204595.0,19025.0
2001-02-23,805337.0,116611.0,204546.0,20161.0
2001-03-02,802625.0,115644.0,203021.0,20768.0
2001-03-09,811050.0,114313.0,201582.0,19803.0
2001-03-16,816213.0,110693.0,198193.0,19814.0
2001-03-23,827401.0,107898.0,196272.0,19288.0
2001-03-30,829086.0,104013.0,193035.0,19067.0
2001-04-06,832897.0,101930.0,193855.0,18541.0
2001-04-13,839107.0,102333.0,192831.0,19025.0
2001-04-20,837742.0,101710.0,193913.0,18880.0
2001-04-27,844067.0,102750.0,198975.0,18820.0
2001-05-04,845144.0,103058.0,200025.0,20180.0
2001-05-11,848081.0,102944.0,204069.0,18694.0
2001-05-18,851423.0,102129.0,203706.0,19906.0
2001-05-25,849681.0,104298.0,208032.0,18786.0
2001-06-01,851183.0,108131.0,210265.0,18451.0
2001-06-08,842979.0,107435.0,216010.0,19138.0
2001-06-15,842251.0,109111.0,219666.0,18310.0
2001-06-22,842243.0,111191.0,220745.0,19651.0
2001-06-29,837490.0,112783.0,221633.0,20059.0
2001-07-06,834845.0,116413.0,221549.0,19060.0
2001-07-13,841866.0,119064.0,217832.0,19857.0
2001-07-20,843246.0,120571.0,214521.0,19948.0
2001-07-27,842196.0,121539.0,211313.0,20175.0
2001-08-03,835537.0,121671.0,207789.0,19187.0
2001-08-10,832688.0,120823.0,204627.0,19943.0
2001-08-17,828685.0,120869.0,202069.0,20294.0
2001-08-24,831382.0,120737.0,195874.0,20079.0
2001-08-31,829428.0,120383.0,194690.0,19955.0
2001-09-07,830389.0,121258.0,195380.0,19522.0
2001-09-14,830307.0,123349.0,192331.0,19069.0
2001-09-21,833974.0,121735.0,200823.0,17889.0
2001-09-28,835586.0,122658.0,203912.0,19549.0
2001-10-05,835459.0,124602.0,206117.0,19431.0
2001-10-12,831019.0,126560.0,208339.0,19607.0
2001-10-19,833842.0,127456.0,208908.0,19889.0
2001-10-26,836298.0,127931.0,208308.0,20172.0
2001-11-02,840757.0,128217.0,206944.0,20490.0
2001-11-09,841019.0,130744.0,205335.0,19126.0
2001-11-16,840320.0,130533.0,206682.0,19622.0
2001-11-23,837664.0,135638.0,207701.0,19041.0
2001-11-30,842465.0,137974.0,212099.0,19224.0
2001-12-07,840128.0,140284.0,211201.0,19411.0
2001-12-14,841508.0,138701.0,210320.0,20468.0
2001-12-21,844824.0,137041.0,207036.0,20516.0
2001-12-28,842654.0,137642.0,207914.0,19609.0
2002-01-04,844645.0,142247.0,207726.0,18954.0
2002-01-11,846705.0,141942.0,210500.0,19630.0
2002-01-18,850640.0,139013.0,214055.0,19007.0
2002-01-25,853793.0,138842.0,216656.0,18899.0
2002-02-01,856721.0,137335.0,216355.0,19242.0
2002-02-08,862065.0,137531.0,217358.0,18943.0
2002-02-15,859337.0,135683.0,216883.0,19782.0
2002-02-22,858593.0,132702.0,215753.0,19336.0
2002-03-01,863481.0,130840.0,212674.0,19855.0
2002-03-08,864053.0,127987.0,211544.0,18459.0
2002-03-15,867613.0,125476.0,209080.0,18856.0
2002-03-22,863169.0,122525.0,207157.0,19573.0
2002-03-29,869193.0,119675.0,211521.0,19220.0
2002-04-05,870028.0,121161.0,212602.0,19517.0
2002-04-12,865998.0,120086.0,211127.0,19727.0
2002-04-19,869400.0,119718.0,210555.0,19153.0
2002-04-26,874551.0,120191.0,211946.0,19472.0
2002-05-03,870114.0,121497.0,214108.0,19368.0
2002-05-10,866889.0,122454.0,217207.0,19236.0
2002-05-17,872140.0,123915.0,216094.0,19875.0
2002-05-24,871756.0,124930.0,218100.0,19353.0
2002-05-31,879039.0,127479.0,215916.0,19587.0
2002-06-07,878974.0,129215.0,214362.0,19338.0
2002-06-14,879382.0,129490.0,215229.0,18953.0
2002-06-21,877526.0,128645.0,216405.0,20108.0
2002-06-28,880183.0,128297.0,216434.0,20191.0
2002-07-05,876805.0,131376.0,214720.0,19433.0
2002-07-12,875906.0,133471.0,213232.0,19013.0
2002-07-19,872747.0,133267.0,212591.0,19620.0
2002-07-26,870770.0,134446.0,211591.0,20066.0
2002-08-02,869164.0,135092.0,212470.0,20290.0
2002-08-09,862532.0,133960.0,207965.0,20357.0
2002-08-16,865875.0,133385.0,208743.0,20181.0
2002-08-23,866770.0,131575.0,206761.0,20328.0
2002-08-30,862811.0,129635.0,205330.0,20015.0
2002-09-06,859139.0,133567.0,205598.0,19209.0
2002-09-13,855101.0,131385.0,204987.0,19512.0
2002-09-20,852861.0,129820.0,207222.0,19360.0
2002-09-27,844179.0,130066.0,208421.0,19224.0
2002-10-04,840480.0,127357.0,205280.0,19711.0
2002-10-11,850954.0,125426.0,198979.0,18804.0
2002-10-18,858130.0,125577.0,195357.0,19043.0
2002-10-25,859477.0,123752.0,194311.0,19990.0
2002-11-01,863471.0,121897.0,192146.0,19796.0
2002-11-08,858147.0,121436.0,194044.0,19214.0
2002-11-15,863910.0,122851.0,193499.0,19611.0
2002-11-22,861568.0,119961.0,197419.0,20498.0
2002-11-29,865775.0,119838.0,199962.0,20681.0
2002-12-06,869699.0,123261.0,203240.0,19508.0
2002-12-13,868583.0,124738.0,203149.0,19950.0
2002-12-20,870009.0,124919.0,205370.0,20211.0
2002-12-27,860984.0,126823.0,204956.0,20434.0
2003-01-03,861603.0,129748.0,209828.0,19780.0
2003-01-10,855330.0,132294.0,215582.0,19263.0
2003-01-17,856915.0,129240.0,216270.0,20105.0
2003-01-24,856403.0,122386.0,212980.0,20281.0
2003-01-31,857347.0,112056.0,209613.0,20819.0
2003-02-07,853026.0,108220.0,212649.0,19151.0
2003-02-14,856084.0,103581.0,211206.0,20353.0
2003-02-21,855050.0,99053.0,208095.0,20064.0
2003-02-28,856747.0,96539.0,206086.0,20078.0
2003-03-07,852459.0,98317.0,202008.0,19887.0
2003-03-14,852931.0,97226.0,201083.0,20301.0
2003-03-21,856636.0,99478.0,198977.0,20164.0
2003-03-28,863369.0,97892.0,200721.0,19831.0
2003-04-04,859871.0,96120.0,202182.0,20767.0
2003-04-11,860204.0,95721.0,201947.0,19698.0
2003-04-18,869175.0,96063.0,201174.0,19459.0
2003-04-25,870997.0,95862.0,205592.0,19396.0
2003-05-02,870684.0,97303.0,207794.0,20701.0
2003-05-09,868766.0,99878.0,208644.0,19854.0
2003-05-16,870120.0,102701.0,208377.0,19895.0
2003-05-23,871669.0,101519.0,205034.0,20598.0
2003-05-30,875458.0,104514.0,207281.0,19977.0
2003-06-06,872215.0,107331.0,209853.0,19849.0
2003-06-13,877458.0,109419.0,209124.0,20589.0
2003-06-20,873611.0,109410.0,208204.0,20027.0
2003-06-27,873290.0,109727.0,204960.0,20727.0
2003-07-04,874511.0,109192.0,205486.0,20226.0
2003-07-11,871489.0,114685.0,209422.0,19181.0
2003-07-18,869850.0,115199.0,207820.0,20040.0
2003-07-25,871644.0,117388.0,204496.0,20292.0
2003-08-01,876495.0,119051.0,201784.0,20003.0
2003-08-08,876824.0,119918.0,198147.0,20737.0
2003-08-15,875376.0,121129.0,196850.0,20573.0
2003-08-22,878418.0,121786.0,191179.0,20590.0
2003-08-29,881246.0,124732.0,191898.0,20291.0
2003-09-05,878240.0,128390.0,192579.0,18892.0
2003-09-12,883161.0,131332.0,195322.0,19265.0
2003-09-19,885790.0,131235.0,196822.0,19083.0
2003-09-26,886376.0,131273.0,199174.0,18949.0
2003-10-03,893028.0,131460.0,197986.0,19971.0
2003-10-10,898706.0,129839.0,194579.0,20164.0
2003-10-17,898318.0,132449.0,195986.0,19192.0
2003-10-24,903615.0,134013.0,193809.0,19681.0
2003-10-31,904900.0,132693.0,191334.0,20555.0
2003-11-07,905184.0,131191.0,192267.0,20203.0
2003-11-14,909107.0,128908.0,192194.0,20124.0
2003-11-21,904631.0,128304.0,193653.0,20068.0
2003-11-28,900547.0,131084.0,197110.0,19768.0
2003-12-05,895901.0,132118.0,200472.0,19714.0
2003-12-12,891298.0,130747.0,202377.0,20530.0
2003-12-19,893901.0,128435.0,202987.0,20345.0
2003-12-26,890821.0,129145.0,203619.0,20109.0
2004-01-02,890843.0,135515.0,206308.0,19320.0
2004-01-09,886904.0,138321.0,208416.0,19303.0
2004-01-16,888425.0,135469.0,209484.0,20011.0
2004-01-23,887785.0,131023.0,206040.0,20810.0
2004-01-30,896308.0,124152.0,205593.0,20754.0
2004-02-06,894047.0,118258.0,204417.0,20326.0
2004-02-13,900536.0,112470.0,205023.0,21071.0
2004-02-20,902419.0,111380.0,203378.0,20941.0
2004-02-27,905673.0,111309.0,202014.0,19503.0
2004-03-05,910271.0,112747.0,200420.0,19662.0
2004-03-12,912509.0,111767.0,199626.0,19501.0
2004-03-19,921410.0,110415.0,199523.0,19574.0
2004-03-26,928421.0,109739.0,200885.0,19570.0
2004-04-02,928261.0,105185.0,200057.0,20580.0
2004-04-09,932251.0,103896.0,197451.0,20639.0
2004-04-16,933786.0,104632.0,199083.0,20051.0
2004-04-23,939155.0,104787.0,199958.0,19553.0
2004-04-30,940336.0,107219.0,203996.0,18932.0
2004-05-07,942709.0,107527.0,202450.0,20706.0
2004-05-14,941911.0,109178.0,203674.0,20606.0
2004-05-21,942085.0,108667.0,203017.0,20440.0
2004-05-28,945730.0,108936.0,204279.0,20240.0
2004-06-04,947442.0,108331.0,206432.0,20618.0
2004-06-11,948290.0,109758.0,205943.0,20322.0
2004-06-18,950705.0,110389.0,205134.0,20598.0
2004-06-25,951242.0,110918.0,205148.0,20700.0
2004-07-02,951332.0,114024.0,206108.0,20222.0
2004-07-09,949656.0,116729.0,205903.0,20316.0
2004-07-16,946080.0,118421.0,208420.0,19678.0
2004-07-23,948346.0,119091.0,207651.0,20682.0
2004-07-30,947080.0,121152.0,210108.0,20689.0
2004-08-06,944097.0,122490.0,208296.0,20767.0
2004-08-13,943398.0,124567.0,205742.0,20477.0
2004-08-20,942724.0,125050.0,205743.0,20863.0
2004-08-27,939800.0,126355.0,206552.0,20699.0
2004-09-03,938757.0,126649.0,204073.0,20926.0
2004-09-10,932043.0,128321.0,202493.0,20350.0
2004-09-17,923487.0,126817.0,199654.0,20209.0
2004-09-24,927473.0,125487.0,198846.0,19888.0
2004-10-01,928062.0,123360.0,199429.0,20299.0
2004-10-08,931315.0,120923.0,200616.0,20438.0
2004-10-15,932262.0,119020.0,199883.0,20601.0
2004-10-22,936852.0,116576.0,201163.0,20308.0
2004-10-29,943244.0,115715.0,201677.0,20216.0
2004-11-05,945555.0,115578.0,201270.0,20475.0
2004-11-12,947295.0,114577.0,200879.0,21403.0
2004-11-19,947379.0,115607.0,202741.0,20404.0
2004-11-26,948228.0,117922.0,205741.0,20118.0
2004-12-03,950294.0,119299.0,208096.0,20526.0
2004-12-10,950630.0,119336.0,209616.0,20928.0
2004-12-17,953126.0,119920.0,211381.0,20782.0
2004-12-24,952267.0,119129.0,212251.0,21449.0
2004-12-31,949442.0,121099.0,214327.0,20847.0
2005-01-07,948666.0,122980.0,215333.0,20466.0
2005-01-14,952921.0,123764.0,216969.0,20210.0
2005-01-21,957508.0,121485.0,214712.0,21225.0
2005-01-28,958193.0,118598.0,216342.0,20957.0
2005-02-04,957831.0,115607.0,216757.0,21064.0
2005-02-11,960813.0,112516.0,221678.0,21007.0
2005-02-18,961965.0,111760.0,223510.0,20597.0
2005-02-25,964814.0,110022.0,224483.0,20730.0
2005-03-04,968291.0,109212.0,224282.0,20291.0
2005-03-11,972526.0,107273.0,221352.0,21263.0
2005-03-18,978334.0,104514.0,217293.0,20851.0
2005-03-25,985227.0,103438.0,214358.0,20325.0
2005-04-01,988651.0,104110.0,212252.0,20213.0
2005-04-08,993556.0,103993.0,213100.0,20195.0
2005-04-15,992836.0,104044.0,211636.0,20559.0
2005-04-22,999187.0,102601.0,211306.0,20380.0
2005-04-29,1002342.0,102283.0,213507.0,20402.0
2005-05-06,1005574.0,103978.0,213694.0,20385.0
2005-05-13,1010372.0,103759.0,214765.0,20273.0
2005-05-20,1009127.0,105655.0,215374.0,20584.0
2005-05-27,1011001.0,106438.0,216678.0,20433.0
2005-06-03,1008650.0,107729.0,216647.0,20592.0
2005-06-10,1007863.0,110156.0,215742.0,20998.0
2005-06-17,1006912.0,111530.0,215939.0,20471.0
2005-06-24,1008253.0,113166.0,216240.0,20169.0
2005-07-01,1005184.0,117233.0,215266.0,21497.0
2005-07-08,1001985.0,120426.0,212641.0,20656.0
2005-07-15,1001569.0,122652.0,211322.0,20404.0
2005-07-22,999840.0,125789.0,209194.0,20972.0
2005-07-29,1000241.0,127274.0,205177.0,20854.0
2005-08-05,1003723.0,129872.0,203091.0,21575.0
2005-08-12,1004787.0,131063.0,198122.0,21352.0
2005-08-19,1007114.0,132489.0,194877.0,21499.0
2005-08-26,1005863.0,135234.0,194369.0,21592.0
2005-09-02,999438.0,134418.0,190067.0,20871.0
2005-09-09,991578.0,133313.0,191959.0,19952.0
2005-09-16,988520.0,134133.0,195431.0,20381.0
2005-09-23,985144.0,133560.0,199831.0,19672.0
2005-09-30,982648.0,128034.0,195454.0,19755.0
2005-10-07,980844.0,124627.0,192803.0,20246.0
2005-10-14,984579.0,122712.0,195710.0,20404.0
2005-10-21,987393.0,121090.0,195869.0,20837.0
2005-10-28,988227.0,120931.0,196904.0,20435.0
2005-11-04,991936.0,120847.0,201127.0,20174.0
2005-11-11,989977.0,123374.0,200175.0,20705.0
2005-11-18,990031.0,124539.0,200413.0,20655.0
2005-11-25,986543.0,127852.0,199868.0,20374.0
2005-12-02,989830.0,130589.0,202609.0,20535.0
2005-12-09,990722.0,130501.0,204375.0,21642.0
2005-12-16,991522.0,127680.0,204074.0,22156.0
2005-12-23,991640.0,126790.0,202853.0,21878.0
2005-12-30,990127.0,128904.0,204259.0,20801.0
2006-01-06,986884.0,133766.0,208778.0,20772.0
2006-01-13,989625.0,134677.0,211635.0,20805.0
2006-01-20,987512.0,136466.0,214763.0,19834.0
2006-01-27,988635.0,136268.0,219044.0,20220.0
2006-02-03,988423.0,135955.0,223344.0,19803.0
2006-02-10,993276.0,136862.0,225459.0,21020.0
2006-02-17,994797.0,135602.0,225648.0,21088.0
2006-02-24,996735.0,134096.0,225867.0,20889.0
2006-03-03,1003576.0,131436.0,224765.0,19880.0
2006-03-10,1008412.0,127542.0,223884.0,20897.0
2006-03-17,1007502.0,126672.0,221563.0,20621.0
2006-03-24,1010032.0,124172.0,216226.0,20604.0
2006-03-31,1012742.0,121608.0,211782.0,20532.0
2006-04-07,1016051.0,117368.0,207927.0,20738.0
2006-04-14,1015684.0,114580.0,202482.0,20415.0
2006-04-21,1015678.0,115596.0,200594.0,20734.0
2006-04-28,1017903.0,114530.0,202708.0,20111.0
2006-05-05,1018672.0,114700.0,205050.0,21200.0
2006-05-12,1019149.0,114580.0,206375.0,20953.0
2006-05-19,1016151.0,117057.0,208483.0,20976.0
2006-05-26,1017749.0,118892.0,209277.0,21272.0
2006-06-02,1019032.0,120653.0,210331.0,20603.0
2006-06-09,1018051.0,122759.0,213146.0,20701.0
2006-06-16,1019438.0,124450.0,213440.0,20971.0
2006-06-23,1016108.0,126287.0,212350.0,20877.0
2006-06-30,1013687.0,127323.0,213077.0,20881.0
2006-07-07,1007007.0,129899.0,212651.0,20563.0
2006-07-14,1007157.0,131098.0,214194.0,20445.0
2006-07-21,1007187.0,131897.0,211030.0,20909.0
2006-07-28,1005412.0,132558.0,210868.0,21113.0
2006-08-04,1004225.0,132422.0,207659.0,21283.0
2006-08-11,1002618.0,133170.0,205393.0,21032.0
2006-08-18,1001973.0,135481.0,205795.0,21454.0
2006-08-25,1004453.0,136845.0,206162.0,21294.0
2006-09-01,1002349.0,139947.0,206880.0,21173.0
2006-09-08,999443.0,144588.0,206994.0,20953.0
2006-09-15,996594.0,148670.0,207554.0,20760.0
2006-09-22,996484.0,151288.0,213899.0,20705.0
2006-09-29,999839.0,151466.0,215052.0,20228.0
2006-10-06,1002059.0,149946.0,215397.0,20938.0
2006-10-13,1007078.0,145399.0,210175.0,21441.0
2006-10-20,1004142.0,143981.0,207416.0,21502.0
2006-10-27,1006295.0,141258.0,204617.0,21484.0
2006-11-03,1006889.0,138583.0,204033.0,21076.0
2006-11-10,1008262.0,135018.0,200252.0,21317.0
2006-11-17,1013423.0,133820.0,201658.0,20331.0
2006-11-24,1013063.0,132818.0,201069.0,21158.0
2006-12-01,1011873.0,132359.0,200031.0,21116.0
2006-12-08,1007578.0,131914.0,199857.0,21349.0
2006-12-15,1001255.0,133120.0,200915.0,20918.0
2006-12-22,993123.0,133592.0,203853.0,20781.0
2006-12-29,991824.0,135563.0,209532.0,20368.0
2007-01-05,986075.0,140965.0,213295.0,19562.0
2007-01-12,992843.0,141875.0,216786.0,20201.0
2007-01-19,993632.0,142625.0,220795.0,20369.0
2007-01-26,996316.0,139977.0,224614.0,20869.0
2007-02-02,995798.0,136345.0,227214.0,21637.0
2007-02-09,995209.0,133327.0,225156.0,21815.0
2007-02-16,998903.0,128290.0,222115.0,22037.0
2007-02-23,1000324.0,124503.0,220175.0,21698.0
2007-03-02,995426.0,123172.0,216425.0,21273.0
2007-03-09,996606.0,120439.0,213939.0,21003.0
2007-03-16,1000530.0,118729.0,210489.0,21344.0
2007-03-23,999683.0,118029.0,210231.0,20807.0
2007-03-30,1003990.0,117952.0,205201.0,20747.0
2007-04-06,1004880.0,118122.0,199725.0,20823.0
2007-04-13,1004140.0,117327.0,197007.0,20825.0
2007-04-20,1006324.0,117332.0,194214.0,21076.0
2007-04-27,1007781.0,117134.0,193099.0,20796.0
2007-05-04,1013417.0,118764.0,193471.0,20795.0
2007-05-11,1014610.0,119756.0,195235.0,20831.0
2007-05-18,1016661.0,120268.0,196666.0,20786.0
2007-05-25,1015002.0,120415.0,198027.0,21235.0
2007-06-01,1015497.0,122279.0,201537.0,20972.0
2007-06-08,1015579.0,122566.0,201540.0,21062.0
2007-06-15,1022481.0,122723.0,203331.0,20517.0
2007-06-22,1024043.0,120448.0,202582.0,21087.0
2007-06-29,1027194.0,121610.0,204433.0,20616.0
2007-07-06,1025606.0,122370.0,205576.0,21069.0
2007-07-13,1025157.0,122225.0,203341.0,21008.0
2007-07-20,1024054.0,123653.0,204134.0,21006.0
2007-07-27,1017557.0,126542.0,204720.0,20900.0
2007-08-03,1013596.0,127516.0,202997.0,21090.0
2007-08-10,1008429.0,127669.0,201940.0,21139.0
2007-08-17,1010319.0,129025.0,196231.0,21305.0
2007-08-24,1006834.0,129914.0,192564.0,21260.0
2007-08-31,1002862.0,132170.0,191083.0,21422.0
2007-09-07,996015.0,133963.0,190417.0,20449.0
2007-09-14,992616.0,135527.0,190834.0,20559.0
2007-09-21,996087.0,137060.0,191366.0,20184.0
2007-09-28,997488.0,135887.0,191325.0,20640.0
2007-10-05,995678.0,135324.0,193000.0,20792.0
2007-10-12,997964.0,136318.0,195768.0,21024.0
2007-10-19,993222.0,134471.0,193837.0,20660.0
2007-10-26,989420.0,135279.0,195132.0,20412.0
2007-11-02,988552.0,135377.0,194313.0,20661.0
2007-11-09,992011.0,133412.0,195027.0,20627.0
2007-11-16,991033.0,131005.0,195190.0,21350.0
2007-11-23,990581.0,130916.0,196628.0,20863.0
2007-11-30,983304.0,132344.0,200623.0,20795.0
2007-12-07,982309.0,131534.0,202241.0,20977.0
2007-12-14,974820.0,129376.0,205221.0,21050.0
2007-12-21,971422.0,126608.0,205857.0,21535.0
2007-12-28,968240.0,127177.0,207842.0,21349.0
2008-01-04,961910.0,128693.0,213063.0,21288.0
2008-01-11,967689.0,129845.0,215256.0,20469.0
2008-01-18,970063.0,128543.0,220341.0,20749.0
2008-01-25,973617.0,127004.0,223899.0,20785.0
2008-02-01,980594.0,127139.0,227487.0,20490.0
2008-02-08,981755.0,126973.0,229236.0,20118.0
2008-02-15,985959.0,122527.0,230264.0,21311.0
2008-02-22,989418.0,119952.0,232619.0,20407.0
2008-02-29,986496.0,117625.0,234276.0,20383.0
2008-03-07,993007.0,116400.0,235967.0,20081.0
2008-03-14,993822.0,113490.0,232520.0,20164.0
2008-03-21,993909.0,111349.0,229235.0,20485.0
2008-03-28,1001473.0,109720.0,224710.0,20402.0
2008-04-04,998888.0,106027.0,221268.0,20769.0
2008-04-11,997173.0,106079.0,215751.0,20591.0
2008-04-18,999713.0,104702.0,212572.0,21116.0
2008-04-25,1003768.0,105831.0,211089.0,20241.0
2008-05-02,1009413.0,105724.0,211883.0,20496.0
2008-05-09,1010250.0,107062.0,210168.0,20274.0
2008-05-16,1005591.0,107790.0,209413.0,20347.0
2008-05-23,997347.0,109431.0,206155.0,20807.0
2008-05-30,993358.0,111704.0,209090.0,20153.0
2008-06-06,988932.0,113981.0,210088.0,20243.0
2008-06-13,988181.0,116598.0,208910.0,20456.0
2008-06-20,989086.0,119421.0,208757.0,20079.0
2008-06-27,988081.0,120685.0,210857.0,20590.0
2008-07-04,982508.0,122501.0,211766.0,20320.0
2008-07-11,985572.0,125690.0,214238.0,20198.0
2008-07-18,984130.0,128109.0,217085.0,19903.0
2008-07-25,984165.0,130505.0,213560.0,20204.0
2008-08-01,986178.0,133346.0,209216.0,20215.0
2008-08-08,986262.0,131587.0,202822.0,20372.0
2008-08-15,995651.0,132068.0,196620.0,20106.0
2008-08-22,995473.0,132125.0,195441.0,20133.0
2008-08-29,993575.0,131712.0,194404.0,20555.0
2008-09-05,987695.0,130460.0,187942.0,19784.0
2008-09-12,981366.0,129625.0,184634.0,19049.0
2008-09-19,978423.0,125449.0,178739.0,18784.0
2008-09-26,981326.0,123090.0,179640.0,18465.0
2008-10-03,987518.0,122601.0,186815.0,18341.0
2008-10-10,992849.0,122148.0,193788.0,18865.0
2008-10-17,995784.0,124304.0,196497.0,19193.0
2008-10-24,996223.0,126629.0,194990.0,19113.0
2008-10-31,996277.0,127835.0,196113.0,19216.0
2008-11-07,996225.0,128351.0,198095.0,19004.0
2008-11-14,997823.0,126880.0,198634.0,18972.0
2008-11-21,1005103.0,126694.0,200476.0,19482.0
2008-11-28,1004647.0,124973.0,198942.0,19606.0
2008-12-05,1004997.0,130587.0,202664.0,19149.0
2008-12-12,1005522.0,133523.0,203959.0,20192.0
2008-12-19,1002419.0,135337.0,207295.0,20191.0
2008-12-26,1002966.0,136031.0,208103.0,20211.0
2009-01-02,1009060.0,137821.0,211437.0,19836.0
2009-01-09,1010270.0,144167.0,213505.0,18640.0
2009-01-16,1016543.0,144957.0,219980.0,19097.0
2009-01-23,1023494.0,143952.0,219859.0,20151.0
2009-01-30,1031387.0,142591.0,220221.0,20306.0
2009-02-06,1036330.0,141565.0,217559.0,19662.0
2009-02-13,1036291.0,140752.0,218664.0,19690.0
2009-02-20,1037237.0,141634.0,215342.0,19233.0
2009-02-27,1037212.0,143296.0,215510.0,19577.0
2009-03-06,1038519.0,145404.0,212517.0,18892.0
2009-03-13,1042262.0,145516.0,215712.0,18787.0
2009-03-20,1047411.0,143932.0,214568.0,19191.0
2009-03-27,1051927.0,144153.0,216793.0,18591.0
2009-04-03,1055215.0,140799.0,217449.0,18867.0
2009-04-10,1062149.0,139629.0,216505.0,18239.0
2009-04-17,1067304.0,142311.0,217307.0,18160.0
2009-04-24,1072582.0,144105.0,212612.0,18429.0
2009-05-01,1075600.0,146533.0,212445.0,18019.0
2009-05-08,1071826.0,147455.0,208291.0,18168.0
2009-05-15,1070460.0,148127.0,203954.0,18403.0
2009-05-22,1066332.0,148375.0,203417.0,18579.0
2009-05-29,1069282.0,150036.0,203202.0,17679.0
2009-06-05,1064886.0,149718.0,201649.0,18725.0
2009-06-12,1061597.0,150026.0,205034.0,18964.0
2009-06-19,1058224.0,152103.0,208905.0,17913.0
2009-06-26,1055203.0,154999.0,211238.0,18169.0
2009-07-03,1052501.0,158738.0,213140.0,18494.0
2009-07-10,1050368.0,159291.0,214578.0,18846.0
2009-07-17,1048571.0,160509.0,215391.0,18917.0
2009-07-24,1053722.0,162617.0,213076.0,18713.0
2009-07-31,1055392.0,161481.0,212858.0,19287.0
2009-08-07,1058086.0,162267.0,211931.0,18702.0
2009-08-14,1049688.0,161617.0,209754.0,19279.0
2009-08-21,1049816.0,162384.0,208054.0,19473.0
2009-08-28,1049443.0,163563.0,205085.0,19713.0
2009-09-04,1043637.0,165556.0,207153.0,19522.0
2009-09-11,1039407.0,167793.0,207700.0,19104.0
2009-09-18,1042760.0,170754.0,213109.0,18476.0
2009-09-25,1045554.0,171077.0,211452.0,18909.0
2009-10-02,1044419.0,171756.0,214389.0,18733.0
2009-10-09,1044753.0,170672.0,209159.0,18936.0
2009-10-16,1046063.0,169888.0,206945.0,18669.0
2009-10-23,1046839.0,167754.0,208564.0,18523.0
2009-10-30,1042903.0,167376.0,208277.0,19144.0
2009-11-06,1044690.0,167725.0,210837.0,18315.0
2009-11-13,1043803.0,167397.0,209082.0,18506.0
2009-11-20,1044821.0,166868.0,210085.0,18820.0
2009-11-27,1047435.0,165698.0,214081.0,18323.0
2009-12-04,1044166.0,167317.0,216334.0,18348.0
2009-12-11,1040477.0,164363.0,217213.0,19572.0
2009-12-18,1035635.0,161336.0,216330.0,19377.0
2009-12-25,1034096.0,159281.0,215964.0,19062.0
2010-01-01,1033243.0,159048.0,219701.0,18755.0
2010-01-08,1036941.0,160401.0,223492.0,18637.0
2010-01-15,1036470.0,157138.0,227442.0,18736.0
2010-01-22,1032581.0,157496.0,229427.0,18884.0
2010-01-29,1034898.0,156548.0,228121.0,18742.0
2010-02-05,1037189.0,156192.0,230445.0,19261.0
2010-02-12,1040274.0,153255.0,232065.0,19092.0
2010-02-19,1043308.0,152664.0,231170.0,19283.0
2010-02-26,1047340.0,151821.0,231943.0,19618.0
2010-03-05,1048808.0,149604.0,228984.0,19653.0
2010-03-12,1049820.0,148113.0,227274.0,18832.0
2010-03-19,1057064.0,145691.0,224559.0,19336.0
2010-03-26,1059993.0,144606.0,224872.0,19021.0
2010-04-02,1062138.0,145680.0,222374.0,18907.0
2010-04-09,1059934.0,146787.0,221338.0,19012.0
2010-04-16,1061826.0,148883.0,224925.0,18484.0
2010-04-23,1063788.0,151820.0,223685.0,18428.0
2010-04-30,1066543.0,152393.0,224942.0,19467.0
2010-05-07,1068460.0,153789.0,222128.0,19320.0
2010-05-14,1068620.0,152810.0,221834.0,19604.0
2010-05-21,1071080.0,152543.0,221631.0,19714.0
2010-05-28,1069176.0,152988.0,218984.0,20021.0
2010-06-04,1067501.0,154824.0,218976.0,19316.0
2010-06-11,1069190.0,156622.0,218340.0,19135.0
2010-06-18,1071207.0,156919.0,217578.0,19498.0
2010-06-25,1069198.0,159376.0,218115.0,18967.0
2010-07-02,1064153.0,159697.0,219435.0,19599.0
2010-07-09,1059095.0,162640.0,221036.0,18724.0
2010-07-16,1059455.0,166575.0,222154.0,19281.0
2010-07-23,1066761.0,167513.0,222245.0,19642.0
2010-07-30,1063977.0,169686.0,222974.0,19302.0
2010-08-06,1060976.0,173142.0,223383.0,19472.0
2010-08-13,1060158.0,174211.0,223344.0,19415.0
2010-08-20,1064264.0,175974.0,225617.0,19293.0
2010-08-27,1067688.0,175235.0,225405.0,19590.0
2010-09-03,1065918.0,174847.0,225162.0,19447.0
2010-09-10,1063429.0,174507.0,224468.0,19216.0
2010-09-17,1063995.0,174854.0,226058.0,19098.0
2010-09-24,1063693.0,173589.0,222589.0,19754.0
2010-10-01,1066536.0,172465.0,219943.0,18784.0
2010-10-08,1066283.0,172210.0,218174.0,18714.0
2010-10-15,1066948.0,170055.0,219329.0,18682.0
2010-10-22,1071996.0,168442.0,214942.0,19366.0
2010-10-29,1073946.0,164874.0,212253.0,19267.0
2010-11-05,1070399.0,159902.0,210336.0,19609.0
2010-11-12,1063113.0,158792.0,207679.0,18919.0
2010-11-19,1064141.0,158251.0,209592.0,19010.0
2010-11-26,1065206.0,158057.0,210153.0,18454.0
2010-12-03,1061072.0,160211.0,213964.0,19936.0
2010-12-10,1051218.0,161305.0,214773.0,20209.0
2010-12-17,1045883.0,160716.0,217173.0,19981.0
2010-12-24,1044625.0,160959.0,214857.0,20749.0
2010-12-31,1040464.0,162107.0,218146.0,19059.0
2011-01-07,1038071.0,164759.0,223227.0,18958.0
2011-01-14,1040687.0,165797.0,227670.0,19113.0
2011-01-21,1045523.0,165657.0,230074.0,19035.0
2011-01-28,1048117.0,164078.0,236228.0,18787.0
2011-02-04,1049948.0,164366.0,240891.0,19157.0
2011-02-11,1050807.0,161270.0,241096.0,19793.0
2011-02-18,1051629.0,159937.0,238298.0,19664.0
2011-02-25,1051265.0,159186.0,234708.0,18958.0
2011-03-04,1053641.0,155209.0,229214.0,19669.0
2011-03-11,1055386.0,152608.0,225040.0,19111.0
2011-03-18,1057517.0,152615.0,219720.0,19310.0
2011-03-25,1060462.0,153325.0,217036.0,18605.0
2011-04-01,1062078.0,153520.0,216679.0,19183.0
2011-04-08,1063705.0,150839.0,209679.0,19258.0
2011-04-15,1061383.0,148335.0,208096.0,19274.0
2011-04-22,1067539.0,146530.0,205588.0,19588.0
2011-04-29,1070960.0,145132.0,204542.0,18332.0
2011-05-06,1074592.0,144289.0,205817.0,18164.0
2011-05-13,1074577.0,143132.0,205936.0,18515.0
2011-05-20,1075193.0,141092.0,209730.0,18916.0
2011-05-27,1078071.0,140116.0,212283.0,19134.0
2011-06-03,1073439.0,140926.0,214492.0,19222.0
2011-06-10,1070033.0,140821.0,215065.0,18806.0
2011-06-17,1068311.0,141994.0,214601.0,19037.0
2011-06-24,1063936.0,142252.0,213173.0,18877.0
2011-07-01,1063063.0,142061.0,212539.0,19232.0
2011-07-08,1059939.0,145028.0,211699.0,18513.0
2011-07-15,1056212.0,148460.0,212456.0,18853.0
2011-07-22,1056240.0,151845.0,213478.0,18426.0
2011-07-29,1052688.0,152254.0,215179.0,19641.0
2011-08-05,1045073.0,151517.0,213591.0,20293.0
2011-08-12,1043392.0,153966.0,210081.0,19414.0
2011-08-19,1036377.0,155697.0,211436.0,19243.0
2011-08-26,1036932.0,156060.0,208641.0,19562.0
2011-09-02,1028085.0,156769.0,208840.0,19386.0
2011-09-09,1020381.0,158480.0,210780.0,18654.0
2011-09-16,1013045.0,157606.0,214075.0,19024.0
2011-09-23,1014974.0,157678.0,214866.0,19083.0
2011-09-30,1010295.0,156934.0,213729.0,19101.0
2011-10-07,1011531.0,154005.0,209595.0,18737.0
2011-10-14,1006797.0,149739.0,206271.0,18329.0
2011-10-21,1011532.0,145464.0,204918.0,18884.0
2011-10-28,1013358.0,141889.0,206274.0,18641.0
2011-11-04,1011770.0,135869.0,204167.0,20037.0
2011-11-11,1010713.0,133733.0,205159.0,19311.0
2011-11-18,1004495.0,132963.0,209634.0,18585.0
2011-11-25,1008427.0,138489.0,209847.0,17946.0
2011-12-02,1009576.0,141022.0,214994.0,18308.0
2011-12-09,1007644.0,141502.0,218818.0,18409.0
2011-12-16,997074.0,139149.0,218406.0,19324.0
2011-12-23,1000973.0,140354.0,217714.0,18499.0
2011-12-30,1003182.0,143578.0,220193.0,18023.0
2012-01-06,1005007.0,147563.0,223803.0,17811.0
2012-01-13,1001569.0,148001.0,227520.0,17902.0
2012-01-20,1005127.0,145545.0,227130.0,19241.0
2012-01-27,1009302.0,145410.0,230147.0,17704.0
2012-02-03,1009593.0,146584.0,231776.0,17618.0
2012-02-10,1009422.0,143717.0,232176.0,18655.0
2012-02-17,1011055.0,143509.0,231527.0,18237.0
2012-02-24,1015215.0,141440.0,229927.0,18256.0
2012-03-02,1016063.0,139496.0,229531.0,18178.0
2012-03-09,1017813.0,134814.0,228121.0,18571.0
2012-03-16,1016651.0,136577.0,226907.0,17674.0
2012-03-23,1023753.0,135866.0,223370.0,18204.0
2012-03-30,1032762.0,135885.0,221913.0,18186.0
2012-04-06,1035328.0,131885.0,217636.0,19005.0
2012-04-13,1039184.0,128977.0,213965.0,18863.0
2012-04-20,1043162.0,125925.0,211730.0,18756.0
2012-04-27,1046002.0,124022.0,209721.0,18544.0
2012-05-04,1051291.0,120771.0,207108.0,18603.0
2012-05-11,1053419.0,119802.0,204311.0,19013.0
2012-05-18,1054302.0,119493.0,201012.0,18683.0
2012-05-25,1056515.0,117784.0,200179.0,18320.0
2012-06-01,1054752.0,120037.0,203525.0,18226.0
2012-06-08,1054561.0,119974.0,201801.0,19405.0
2012-06-15,1057422.0,121130.0,202744.0,18599.0
2012-06-22,1057289.0,118851.0,204822.0,19064.0
2012-06-29,1053019.0,117800.0,204973.0,19601.0
2012-07-06,1048164.0,120912.0,207725.0,18535.0
2012-07-13,1047355.0,123531.0,205910.0,18596.0
2012-07-20,1050072.0,125239.0,210044.0,19076.0
2012-07-27,1043549.0,124265.0,207870.0,19150.0
2012-08-03,1039774.0,123541.0,206069.0,18946.0
2012-08-10,1036075.0,124218.0,203698.0,20026.0
2012-08-17,1030663.0,125210.0,202736.0,18747.0
2012-08-24,1034441.0,126083.0,201227.0,19116.0
2012-08-31,1027015.0,127076.0,198893.0,18942.0
2012-09-07,1027424.0,128552.0,197716.0,17999.0
2012-09-14,1035960.0,128230.0,196309.0,18334.0
2012-09-21,1033514.0,127748.0,195828.0,18315.0
2012-09-28,1033032.0,124059.0,195942.0,18720.0
2012-10-05,1034544.0,120882.0,195408.0,18719.0
2012-10-12,1037404.0,118664.0,197128.0,19519.0
2012-10-19,1043300.0,118018.0,198567.0,19136.0
2012-10-26,1041255.0,117925.0,199502.0,18326.0
2012-11-02,1042802.0,118056.0,202377.0,18371.0
2012-11-09,1043891.0,115517.0,201937.0,19346.0
2012-11-16,1042425.0,112842.0,200390.0,19437.0
2012-11-23,1042078.0,112042.0,204255.0,18969.0
2012-11-30,1039721.0,115069.0,212115.0,18337.0
2012-12-07,1039861.0,118055.0,217115.0,18825.0
2012-12-14,1038897.0,116970.0,219322.0,19955.0
2012-12-21,1038311.0,119393.0,223104.0,18857.0
2012-12-28,1027191.0,123967.0,225673.0,18894.0
2013-01-04,1028083.0,130744.0,233085.0,17755.0
2013-01-11,1027447.0,132430.0,234995.0,17954.0
2013-01-18,1030260.0,132938.0,233257.0,18645.0
2013-01-25,1036400.0,130623.0,232301.0,18681.0
2013-02-01,1039081.0,129581.0,234039.0,18052.0
2013-02-08,1039803.0,125904.0,233236.0,19048.0
2013-02-15,1043946.0,123627.0,230352.0,18412.0
2013-02-22,1045076.0,124184.0,228495.0,18680.0
2013-03-01,1048812.0,120354.0,227879.0,18296.0
2013-03-08,1051436.0,120437.0,224308.0,18597.0
2013-03-15,1050122.0,119765.0,222832.0,17765.0
2013-03-22,1053378.0,115252.0,221236.0,18873.0
2013-03-29,1056085.0,112986.0,220664.0,18966.0
2013-04-05,1055967.0,112817.0,222363.0,18121.0
2013-04-12,1054734.0,115181.0,221730.0,18461.0
2013-04-19,1055681.0,115278.0,217802.0,18610.0
2013-04-26,1062377.0,115752.0,215984.0,17937.0
2013-05-03,1062748.0,117564.0,215074.0,19100.0
2013-05-10,1062124.0,119864.0,217662.0,18516.0
2013-05-17,1061786.0,118812.0,220677.0,18846.0
2013-05-24,1064786.0,120663.0,219163.0,18286.0
2013-05-31,1058519.0,123274.0,218797.0,18779.0
2013-06-07,1061148.0,122111.0,221545.0,17923.0
2013-06-14,1061461.0,121622.0,221728.0,18419.0
2013-06-21,1061479.0,123189.0,225381.0,18967.0
2013-06-28,1051132.0,120771.0,223662.0,20392.0
2013-07-05,1041395.0,123809.0,221028.0,19239.0
2013-07-12,1034493.0,127679.0,224083.0,19467.0
2013-07-19,1031668.0,126452.0,222694.0,19787.0
2013-07-26,1032099.0,125986.0,223464.0,19664.0
2013-08-02,1030668.0,126455.0,223599.0,19688.0
2013-08-09,1027856.0,128482.0,222430.0,19088.0
2013-08-16,1026428.0,129353.0,218401.0,19337.0
2013-08-23,1029414.0,129037.0,217814.0,19449.0
2013-08-30,1027578.0,129586.0,215987.0,18911.0
2013-09-06,1026960.0,132172.0,217645.0,18360.0
2013-09-13,1022592.0,131093.0,216018.0,19820.0
2013-09-20,1025227.0,130859.0,216235.0,19261.0
2013-09-27,1030699.0,129179.0,219730.0,18681.0
2013-10-04,1037443.0,126038.0,219879.0,19044.0
2013-10-11,1041442.0,124237.0,217309.0,18990.0
2013-10-18,1046688.0,125774.0,215504.0,18269.0
2013-10-25,1050775.0,122716.0,213791.0,20136.0
2013-11-01,1051964.0,117817.0,210036.0,20223.0
2013-11-08,1054604.0,117336.0,209198.0,20297.0
2013-11-15,1054979.0,112541.0,208853.0,20438.0
2013-11-22,1057932.0,110875.0,210604.0,19635.0
2013-11-29,1052347.0,113524.0,212432.0,19973.0
2013-12-06,1041343.0,118065.0,219149.0,18554.0
2013-12-13,1038402.0,115955.0,220486.0,20996.0
2013-12-20,1033671.0,114105.0,219872.0,20484.0
2013-12-27,1026664.0,119147.0,220716.0,19004.0
2014-01-03,1022706.0,124973.0,226959.0,18222.0
2014-01-10,1015048.0,123950.0,233142.0,18858.0
2014-01-17,1016038.0,120738.0,235265.0,18959.0
2014-01-24,1022459.0,116154.0,234446.0,20047.0
2014-01-31,1022899.0,113794.0,234951.0,19110.0
2014-02-07,1025952.0,113063.0,233098.0,18541.0
2014-02-14,1026925.0,112724.0,233407.0,18709.0
2014-02-21,1026993.0,113062.0,230600.0,18283.0
2014-02-28,1028422.0,114476.0,228996.0,18291.0
2014-03-07,1034302.0,113943.0,223766.0,19027.0
2014-03-14,1040152.0,110846.0,222299.0,18783.0
2014-03-21,1046771.0,112401.0,217198.0,18257.0
2014-03-28,1044392.0,112955.0,215624.0,18199.0
2014-04-04,1048070.0,113194.0,210436.0,18289.0
2014-04-11,1057460.0,111916.0,210282.0,18412.0
2014-04-18,1060446.0,112513.0,210008.0,18051.0
2014-04-25,1061189.0,114449.0,211572.0,18849.0
2014-05-02,1058868.0,114002.0,213180.0,18552.0
2014-05-09,1058471.0,112878.0,212408.0,19447.0
2014-05-16,1050696.0,116277.0,213378.0,18855.0
2014-05-23,1052353.0,116081.0,211575.0,19563.0
2014-05-30,1048922.0,118093.0,211785.0,18586.0
2014-06-06,1046192.0,118953.0,213482.0,18025.0
2014-06-13,1045614.0,119389.0,214267.0,18557.0
2014-06-20,1047356.0,120566.0,214977.0,18807.0
2014-06-27,1044201.0,121541.0,213742.0,19433.0
2014-07-04,1041794.0,121768.0,214321.0,19248.0
2014-07-11,1034269.0,124296.0,214492.0,19277.0
2014-07-18,1030300.0,125932.0,217871.0,19311.0
2014-07-25,1026603.0,126721.0,218236.0,19607.0
2014-08-01,1025139.0,124923.0,213849.0,20335.0
2014-08-08,1026540.0,122502.0,212689.0,19825.0
2014-08-15,1022066.0,121542.0,213274.0,19885.0
2014-08-22,1019996.0,122794.0,212314.0,19183.0
2014-08-29,1019091.0,123399.0,209992.0,19955.0
2014-09-05,1018400.0,127493.0,212373.0,18596.0
2014-09-12,1022073.0,127772.0,210738.0,19749.0
2014-09-19,1017800.0,128595.0,210324.0,19177.0
2014-09-26,1016435.0,125701.0,208488.0,19400.0
2014-10-03,1021349.0,126140.0,209668.0,19019.0
2014-10-10,1030271.0,124622.0,205673.0,19595.0
2014-10-17,1037382.0,125671.0,204374.0,18645.0
2014-10-24,1039442.0,120377.0,203138.0,20061.0
2014-10-31,1039902.0,119653.0,201760.0,19607.0
2014-11-07,1037116.0,116850.0,203565.0,19844.0
2014-11-14,1039724.0,114794.0,204599.0,19702.0
2014-11-21,1041670.0,113146.0,206424.0,20480.0
2014-11-28,1037980.0,116174.0,208567.0,19831.0
2014-12-05,1039276.0,121751.0,216764.0,19454.0
2014-12-12,1038429.0,121544.0,222014.0,20465.0
2014-12-19,1045696.0,123847.0,226097.0,21037.0
2014-12-26,1043942.0,125721.0,229048.0,19939.0
2015-01-02,1039767.0,136926.0,237163.0,19353.0
2015-01-09,1045154.0,139851.0,240334.0,19257.0
2015-01-16,1055224.0,136579.0,240922.0,20246.0
2015-01-23,1064097.0,132687.0,238335.0,20515.0
2015-01-30,1070430.0,134475.0,240670.0,18619.0
2015-02-06,1074756.0,131223.0,242647.0,19651.0
2015-02-13,1082471.0,127409.0,243132.0,20399.0
2015-02-20,1090898.0,124698.0,240014.0,19813.0
2015-02-27,1101201.0,122976.0,240060.0,19658.0
2015-03-06,1106378.0,125503.0,239873.0,18617.0
2015-03-13,1116000.0,125883.0,235400.0,19530.0
2015-03-20,1124169.0,125849.0,233386.0,18712.0
2015-03-27,1128935.0,127174.0,229128.0,19481.0
2015-04-03,1140614.0,126924.0,229945.0,19099.0
2015-04-10,1141906.0,128941.0,227873.0,18995.0
2015-04-17,1147221.0,129336.0,225738.0,19145.0
2015-04-24,1149129.0,129270.0,227451.0,19600.0
2015-05-01,1145027.0,130773.0,227852.0,18224.0
2015-05-08,1142835.0,128270.0,226710.0,20654.0
2015-05-15,1140474.0,127724.0,223936.0,20292.0
2015-05-22,1138259.0,128839.0,220627.0,19971.0
2015-05-29,1136810.0,132612.0,220293.0,18867.0
2015-06-05,1130792.0,133477.0,217354.0,19802.0
2015-06-12,1128715.0,133591.0,217814.0,19971.0
2015-06-19,1124131.0,135428.0,218494.0,20668.0
2015-06-26,1126915.0,135820.0,216737.0,19723.0
2015-07-03,1127937.0,137461.0,217952.0,19259.0
2015-07-10,1123990.0,141280.0,218010.0,19840.0
2015-07-17,1126971.0,141515.0,216285.0,21007.0
2015-07-24,1122767.0,144103.0,215922.0,20246.0
2015-07-31,1118360.0,144812.0,216733.0,20185.0
2015-08-07,1116956.0,147806.0,215482.0,20077.0
2015-08-14,1119575.0,148400.0,212774.0,21375.0
2015-08-21,1114123.0,149836.0,214434.0,19422.0
2015-08-28,1118790.0,149951.0,214163.0,20265.0
2015-09-04,1121192.0,150903.0,214547.0,19758.0
2015-09-11,1119088.0,153963.0,217387.0,18554.0
2015-09-18,1117163.0,151875.0,218756.0,20154.0
2015-09-25,1121116.0,151608.0,222010.0,19615.0
2015-10-02,1124156.0,149150.0,223920.0,18842.0
2015-10-09,1131718.0,147630.0,221302.0,19463.0
2015-10-16,1139745.0,145008.0,219784.0,19485.0
2015-10-23,1143121.0,142057.0,218647.0,20264.0
2015-10-30,1145968.0,140757.0,215347.0,19415.0
2015-11-06,1149948.0,141109.0,213245.0,19803.0
2015-11-13,1150200.0,140318.0,214254.0,19465.0
2015-11-20,1151160.0,141364.0,216732.0,19386.0
2015-11-27,1152337.0,144415.0,216867.0,19822.0
2015-12-04,1148676.0,149413.0,217653.0,20252.0
2015-12-11,1153477.0,151976.0,219384.0,20269.0
2015-12-18,1147600.0,151315.0,220495.0,19767.0
2015-12-25,1150226.0,153110.0,221420.0,20501.0
2016-01-01,1146076.0,159418.0,231996.0,18285.0
2016-01-08,1146309.0,165554.0,240434.0,18542.0
2016-01-15,1150287.0,164529.0,244997.0,19984.0
2016-01-22,1158670.0,160472.0,248461.0,21108.0
2016-01-29,1166461.0,159695.0,254399.0,19146.0
2016-02-05,1165792.0,160976.0,255657.0,19013.0
2016-02-12,1167939.0,162375.0,258693.0,19726.0
2016-02-19,1171440.0,160715.0,256457.0,20682.0
2016-02-26,1181814.0,163597.0,254989.0,19165.0
2016-03-04,1185955.0,162478.0,250463.0,19855.0
2016-03-11,1187274.0,161343.0,249716.0,19287.0
2016-03-18,1196631.0,162260.0,245074.0,19417.0
2016-03-25,1198928.0,161185.0,242560.0,19479.0
2016-04-01,1193710.0,162984.0,243998.0,19926.0
2016-04-08,1200344.0,163489.0,239761.0,20019.0
2016-04-15,1202424.0,159935.0,239651.0,20226.0
2016-04-22,1204422.0,158240.0,241259.0,19808.0
2016-04-29,1207203.0,156979.0,241795.0,20229.0
2016-05-06,1203594.0,155332.0,240564.0,19981.0
2016-05-13,1204904.0,152162.0,238068.0,20792.0
2016-05-20,1200677.0,150878.0,240111.0,20434.0
2016-05-27,1199311.0,149623.0,238619.0,20339.0
2016-06-03,1196948.0,151377.0,239629.0,19740.0
2016-06-10,1196015.0,152163.0,237004.0,20807.0
2016-06-17,1195098.0,152314.0,237631.0,19971.0
2016-06-24,1191045.0,150513.0,238998.0,21176.0
2016-07-01,1188820.0,148939.0,238876.0,20061.0
2016-07-08,1186272.0,152997.0,240089.0,19432.0
2016-07-15,1183929.0,152783.0,241000.0,20641.0
2016-07-22,1185600.0,152003.0,241452.0,20764.0
2016-07-29,1187013.0,153155.0,238190.0,20938.0
2016-08-05,1188065.0,151196.0,235383.0,20672.0
2016-08-12,1185557.0,153135.0,232659.0,20579.0
2016-08-19,1188057.0,153257.0,232695.0,20729.0
2016-08-26,1190332.0,154753.0,232004.0,20153.0
2016-09-02,1175818.0,158135.0,227793.0,21328.0
2016-09-09,1175259.0,162754.0,228360.0,20228.0
2016-09-16,1169058.0,164992.0,225156.0,19436.0
2016-09-23,1167176.0,163077.0,227183.0,19278.0
2016-09-30,1164199.0,160718.0,227405.0,20556.0
2016-10-07,1169048.0,156972.0,225498.0,20743.0
2016-10-14,1163800.0,155732.0,227967.0,19751.0
2016-10-21,1163247.0,152378.0,226011.0,20524.0
2016-10-28,1177666.0,150550.0,223804.0,19924.0
2016-11-04,1180097.0,148602.0,220963.0,20183.0
2016-11-11,1185371.0,148912.0,221709.0,19377.0
2016-11-18,1184115.0,149239.0,224026.0,20063.0
2016-11-25,1183230.0,154196.0,226123.0,19816.0
2016-12-02,1180840.0,156697.0,229548.0,19109.0
2016-12-09,1178277.0,155935.0,230045.0,18899.0
2016-12-16,1180532.0,153515.0,228736.0,21401.0
2016-12-23,1181145.0,151634.0,227143.0,20186.0
2016-12-30,1174094.0,161685.0,235450.0,17904.0
2017-01-06,1178191.0,170041.0,240473.0,18578.0
2017-01-13,1180537.0,169073.0,246424.0,20670.0
2017-01-20,1183377.0,169149.0,253220.0,18625.0
2017-01-27,1189841.0,170717.0,257086.0,19264.0
2017-02-03,1203670.0,170746.0,256217.0,20774.0
2017-02-10,1213197.0,170057.0,259063.0,18604.0
2017-02-17,1213761.0,165133.0,256435.0,20322.0
2017-02-24,1215260.0,164208.0,255889.0,19445.0
2017-03-03,1223218.0,161532.0,249334.0,19880.0
2017-03-10,1222165.0,157303.0,246279.0,19475.0
2017-03-17,1226493.0,155393.0,243468.0,19255.0
2017-03-24,1226636.0,152910.0,239721.0,19883.0
2017-03-31,1227678.0,152374.0,239103.0,19696.0
2017-04-07,1224887.0,150221.0,236130.0,19868.0
2017-04-14,1223654.0,148266.0,237672.0,19460.0
2017-04-21,1219512.0,150917.0,241041.0,19133.0
2017-04-28,1217110.0,150355.0,241232.0,19934.0
2017-05-05,1211312.0,148768.0,241082.0,20571.0
2017-05-12,1208831.0,146824.0,240669.0,19485.0
2017-05-19,1204001.0,146339.0,239882.0,20787.0
2017-05-26,1196594.0,146733.0,237024.0,20748.0
2017-06-02,1198233.0,151088.0,240348.0,19306.0
2017-06-09,1196171.0,151416.0,242444.0,19515.0
2017-06-16,1192937.0,152495.0,241866.0,21069.0
2017-06-23,1191649.0,152272.0,240972.0,19645.0
2017-06-30,1184951.0,150422.0,237303.0,22240.0
2017-07-07,1174237.0,153553.0,235656.0,19946.0
2017-07-14,1169508.0,151416.0,231211.0,21191.0
2017-07-21,1162300.0,149564.0,230196.0,21246.0
2017-07-28,1160772.0,149414.0,227679.0,20620.0
2017-08-04,1154320.0,147685.0,231103.0,21946.0
2017-08-11,1145375.0,148387.0,231125.0,20937.0
2017-08-18,1142048.0,148415.0,229902.0,20683.0
2017-08-25,1136653.0,149163.0,229937.0,21435.0
2017-09-01,1140953.0,147767.0,226738.0,20039.0
2017-09-08,1145248.0,144552.0,218310.0,19707.0
2017-09-15,1148229.0,138859.0,216185.0,20416.0
2017-09-22,1145587.0,138045.0,217292.0,21092.0
2017-09-29,1138612.0,135439.0,218936.0,19740.0
2017-10-06,1134665.0,133959.0,221426.0,19677.0
2017-10-13,1128176.0,134487.0,222334.0,19123.0
2017-10-20,1128718.0,129241.0,216869.0,19977.0
2017-10-27,1125493.0,128921.0,212849.0,19161.0
2017-11-03,1127049.0,125562.0,209537.0,21309.0
2017-11-10,1128197.0,124763.0,210431.0,19762.0
2017-11-17,1124617.0,125032.0,210475.0,19286.0
2017-11-24,1118824.0,127779.0,214102.0,19657.0
2017-12-01,1110766.0,129446.0,220882.0,19951.0
2017-12-08,1105897.0,128076.0,226546.0,20458.0
2017-12-15,1099785.0,128845.0,227783.0,21126.0
2017-12-22,1095274.0,129935.0,228374.0,20791.0
2017-12-29,1088211.0,138834.0,233187.0,19923.0
2018-01-05,1083262.0,143088.0,237322.0,20628.0
2018-01-12,1076872.0,139201.0,240942.0,20809.0
2018-01-19,1076037.0,139840.0,244040.0,20661.0
2018-01-26,1083045.0,137900.0,242060.0,21046.0
2018-02-02,1085402.0,141826.0,245474.0,20849.0
2018-02-09,1087663.0,141367.0,249073.0,20316.0
2018-02-16,1085351.0,138945.0,249334.0,20462.0
2018-02-23,1088779.0,137985.0,251817.0,19885.0
2018-03-02,1091364.0,137426.0,251029.0,20456.0
2018-03-09,1096386.0,133066.0,244758.0,20946.0
2018-03-16,1093764.0,131044.0,243065.0,20629.0
2018-03-23,1095407.0,128954.0,239593.0,20903.0
2018-03-30,1090788.0,129491.0,238477.0,21203.0
2018-04-06,1094094.0,128447.0,238935.0,19806.0
2018-04-13,1093023.0,125340.0,235967.0,21409.0
2018-04-20,1094455.0,122729.0,236807.0,19023.0
2018-04-27,1100221.0,118829.0,237978.0,20163.0
2018-05-04,1097315.0,115038.0,235804.0,20571.0
2018-05-11,1094391.0,114946.0,232014.0,20523.0
2018-05-18,1099468.0,113995.0,233897.0,20635.0
2018-05-25,1095289.0,114629.0,234431.0,20916.0
2018-06-01,1096752.0,116794.0,239034.0,18454.0
2018-06-08,1092609.0,114693.0,236763.0,21789.0
2018-06-15,1086543.0,117408.0,240040.0,20203.0
2018-06-22,1076652.0,117423.0,241196.0,20273.0
2018-06-29,1077897.0,117557.0,239691.0,21241.0
2018-07-06,1065263.0,121682.0,238997.0,19911.0
2018-07-13,1071098.0,121311.0,235832.0,21328.0
2018-07-20,1064951.0,121210.0,233504.0,21727.0
2018-07-27,1068754.0,124193.0,230968.0,20576.0
2018-08-03,1067402.0,125423.0,233868.0,20940.0
2018-08-10,1074207.0,128989.0,233128.0,20203.0
2018-08-17,1068370.0,130838.0,234328.0,21563.0
2018-08-24,1065804.0,130001.0,232774.0,22144.0
2018-08-31,1061502.0,133120.0,234619.0,21616.0
2018-09-07,1056205.0,139283.0,235869.0,20567.0
2018-09-14,1054147.0,140122.0,234150.0,20989.0
2018-09-21,1055999.0,137881.0,235680.0,20001.0
2018-09-28,1063974.0,136131.0,235221.0,20221.0
2018-10-05,1068655.0,133465.0,236172.0,19810.0
2018-10-12,1074075.0,132638.0,234156.0,20012.0
2018-10-19,1079263.0,130376.0,229330.0,21546.0
2018-10-26,1080939.0,126322.0,226169.0,21059.0
2018-11-02,1086487.0,122857.0,228021.0,20459.0
2018-11-09,1095386.0,119268.0,226610.0,22421.0
2018-11-16,1099477.0,119191.0,225315.0,21208.0
2018-11-23,1101049.0,121801.0,224551.0,20563.0
2018-11-30,1092723.0,125612.0,226250.0,20578.0
2018-12-07,1091517.0,124137.0,228337.0,21479.0
2018-12-14,1090594.0,119900.0,230103.0,22361.0
2018-12-21,1090550.0,119902.0,233106.0,20763.0
2018-12-28,1090557.0,129431.0,239996.0,19093.0
2019-01-04,1088877.0,140042.0,248062.0,19769.0
2019-01-11,1086194.0,143009.0,255565.0,20912.0
2019-01-18,1094164.0,142392.0,259615.0,21494.0
2019-01-25,1095083.0,141270.0,257380.0,20835.0
2019-02-01,1096346.0,139013.0,257893.0,21826.0
2019-02-08,1099979.0,140200.0,258301.0,19169.0
2019-02-15,1103651.0,138683.0,256847.0,20767.0
2019-02-22,1095004.0,138379.0,254941.0,21494.0
2019-03-01,1102060.0,135986.0,250714.0,20487.0
2019-03-08,1098198.0,136369.0,246090.0,20773.0
2019-03-15,1088609.0,132242.0,241503.0,21470.0
2019-03-22,1091409.0,130167.0,238620.0,20111.0
2019-03-29,1098647.0,128169.0,236839.0,20029.0
2019-04-05,1105676.0,128053.0,229129.0,20307.0
2019-04-12,1104280.0,127691.0,227955.0,19887.0
2019-04-19,1109759.0,127029.0,225826.0,20420.0
2019-04-26,1119154.0,125722.0,226743.0,20107.0
2019-05-03,1114321.0,125563.0,226147.0,20420.0
2019-05-10,1117988.0,125647.0,225024.0,19454.0
2019-05-17,1121593.0,126415.0,228740.0,19649.0
2019-05-24,1121311.0,124800.0,230944.0,21419.0
2019-05-31,1128082.0,129372.0,234149.0,19398.0
2019-06-07,1130288.0,128372.0,234913.0,21121.0
2019-06-14,1127182.0,127821.0,233221.0,20816.0
2019-06-21,1114394.0,125380.0,232225.0,20880.0
2019-06-28,1113309.0,126788.0,230642.0,20756.0
2019-07-05,1103810.0,130517.0,229187.0,21261.0
2019-07-12,1100694.0,136203.0,232752.0,20260.0
2019-07-19,1089859.0,136816.0,232526.0,21549.0
2019-07-26,1081363.0,135922.0,230735.0,21287.0
2019-08-02,1083748.0,137451.0,235172.0,21484.0
2019-08-09,1085328.0,135513.0,233760.0,22055.0
2019-08-16,1082596.0,138123.0,234072.0,21004.0
2019-08-23,1072569.0,136060.0,231982.0,22225.0
2019-08-30,1067798.0,133522.0,229586.0,21627.0
2019-09-06,1060886.0,136226.0,228904.0,21426.0
2019-09-13,1061944.0,136663.0,229685.0,20278.0
2019-09-20,1064356.0,133685.0,230204.0,21199.0
2019-09-27,1067460.0,131267.0,229976.0,20762.0
2019-10-04,1070187.0,127324.0,228763.0,21412.0
2019-10-11,1078199.0,123501.0,226201.0,20938.0
2019-10-18,1075501.0,120786.0,223094.0,21171.0
2019-10-25,1080505.0,119754.0,220057.0,21644.0
2019-11-01,1087734.0,119132.0,217229.0,21077.0
2019-11-08,1088510.0,116655.0,219090.0,21515.0
2019-11-15,1087917.0,115681.0,220846.0,21275.0
2019-11-22,1088122.0,116406.0,225978.0,21128.0
2019-11-29,1082262.0,119469.0,229363.0,21108.0
2019-12-06,1082886.0,123587.0,234768.0,18368.0
2019-12-13,1081800.0,125096.0,237297.0,21810.0
2019-12-20,1076326.0,124944.0,239260.0,21351.0
2019-12-27,1064863.0,133720.0,242472.0,19955.0
2020-01-03,1066027.0,139050.0,251609.0,19366.0
2020-01-10,1063478.0,147221.0,258287.0,19047.0
2020-01-17,1063073.0,146036.0,260032.0,21474.0
2020-01-24,1066621.0,144747.0,261235.0,19598.0
2020-01-31,1069976.0,143235.0,261144.0,20810.0
2020-02-07,1077435.0,141222.0,261049.0,20965.0
2020-02-14,1077850.0,140587.0,259078.0,19602.0
2020-02-21,1078302.0,138472.0,256387.0,19870.0
2020-02-28,1079086.0,134464.0,252048.0,21265.0
2020-03-06,1086750.0,128060.0,246999.0,21875.0
2020-03-13,1088704.0,125120.0,240819.0,21456.0
2020-03-20,1090327.0,124442.0,239282.0,19420.0
2020-03-27,1104160.0,122248.0,246806.0,17852.0
2020-04-03,1119337.0,122724.0,257303.0,14437.0
2020-04-10,1138585.0,129004.0,262217.0,13797.0
2020-04-17,1153607.0,136880.0,263234.0,14103.0
2020-04-24,1163748.0,141972.0,259565.0,15763.0
2020-05-01,1170054.0,151490.0,256407.0,15354.0
2020-05-08,1171242.0,155001.0,252894.0,16814.0
2020-05-15,1168142.0,158832.0,255724.0,16586.0
2020-05-22,1178181.0,164327.0,255000.0,15958.0
2020-05-29,1180124.0,174261.0,257795.0,15066.0
2020-06-05,1188064.0,175829.0,258661.0,17573.0
2020-06-12,1191010.0,174471.0,256995.0,17290.0
2020-06-19,1194443.0,174720.0,255322.0,18348.0
2020-06-26,1188940.0,174127.0,256521.0,17353.0
2020-07-03,1195204.0,177262.0,251682.0,18120.0
2020-07-10,1187837.0,176809.0,248535.0,18480.0
2020-07-17,1192727.0,177883.0,246733.0,17654.0
2020-07-24,1182116.0,178386.0,247387.0,19094.0
2020-07-31,1174737.0,179977.0,247806.0,17912.0
2020-08-07,1167983.0,177655.0,247084.0,19369.0
2020-08-14,1163680.0,177807.0,243762.0,17159.0
2020-08-21,1157228.0,179195.0,239179.0,19619.0
2020-08-28,1146566.0,177520.0,234859.0,16979.0
2020-09-04,1148294.0,175845.0,231905.0,18678.0
2020-09-11,1141778.0,179306.0,231524.0,17027.0
2020-09-18,1139358.0,175942.0,227499.0,18439.0
2020-09-25,1135577.0,172758.0,228182.0,17447.0
2020-10-02,1134933.0,171796.0,226747.0,18345.0
2020-10-09,1129956.0,164551.0,225121.0,19475.0
2020-10-16,1128188.0,160719.0,227016.0,18112.0
2020-10-23,1131850.0,156228.0,226124.0,19631.0
2020-10-30,1123699.0,154644.0,227665.0,18362.0
2020-11-06,1127412.0,149289.0,225356.0,20180.0
2020-11-13,1127776.0,144073.0,227967.0,19564.0
2020-11-20,1126911.0,142632.0,230147.0,19156.0
2020-11-27,1126232.0,145870.0,233638.0,18468.0
2020-12-04,1141316.0,151092.0,237859.0,18534.0
2020-12-11,1138182.0,151259.0,238879.0,19335.0
2020-12-18,1137619.0,148934.0,237754.0,19088.0
2020-12-25,1131554.0,152029.0,236562.0,19317.0
2021-01-01,1123544.0,158419.0,241081.0,17054.0
2021-01-08,1120296.0,163205.0,245476.0,19607.0
2021-01-15,1124648.0,163662.0,245217.0,19642.0
2021-01-22,1114739.0,162847.0,247686.0,19681.0
2021-01-29,1113745.0,162838.0,252153.0,18528.0
2021-02-05,1106935.0,161106.0,256412.0,20183.0
2021-02-12,1099530.0,157684.0,257084.0,20668.0
2021-02-19,1100815.0,152715.0,257096.0,18688.0
2021-02-26,1122378.0,142996.0,243472.0,18759.0
2021-03-05,1136176.0,137492.0,231603.0,18672.0
2021-03-12,1138572.0,137747.0,232075.0,18933.0
2021-03-19,1140484.0,141553.0,232279.0,18702.0
2021-03-26,1139608.0,144095.0,230544.0,20313.0
2021-04-02,1136086.0,145547.0,234588.0,19236.0
2021-04-09,1129090.0,143464.0,234897.0,20328.0
2021-04-16,1128941.0,142391.0,234982.0,18762.0
2021-04-23,1127582.0,139049.0,235074.0,20395.0
2021-04-30,1118544.0,136153.0,235811.0,19691.0
2021-05-07,1116719.0,134419.0,236189.0,17483.0
2021-05-14,1116138.0,132095.0,234226.0,19272.0
2021-05-21,1112830.0,129082.0,232481.0,19956.0
2021-05-28,1107103.0,132802.0,233980.0,19140.0
2021-06-04,1100513.0,137214.0,241026.0,17713.0
2021-06-11,1092267.0,136191.0,242980.0,20571.0
2021-06-18,1082948.0,137945.0,240050.0,20751.0
2021-06-25,1074829.0,137076.0,241572.0,20902.0
2021-07-02,1066780.0,138692.0,235497.0,21547.0
2021-07-09,1058884.0,142349.0,236535.0,19303.0
2021-07-16,1060991.0,141000.0,236414.0,20581.0
2021-07-23,1056902.0,137912.0,234161.0,21123.0
2021-07-30,1060529.0,138744.0,228870.0,21168.0
2021-08-06,1060081.0,140511.0,227469.0,19514.0
2021-08-13,1056846.0,137814.0,228165.0,21463.0
2021-08-20,1053866.0,138459.0,225924.0,21817.0
2021-08-27,1046697.0,136727.0,227214.0,22820.0
2021-09-03,1045169.0,133586.0,219999.0,19954.0
2021-09-10,1038218.0,131897.0,218142.0,19911.0
2021-09-17,1033533.0,129343.0,221616.0,21145.0
2021-09-24,1037231.0,129727.0,221809.0,20391.0
2021-10-01,1038657.0,129331.0,225065.0,21526.0
2021-10-08,1043945.0,129307.0,223107.0,19875.0
2021-10-15,1041820.0,125394.0,217739.0,21832.0
2021-10-22,1044998.0,124962.0,215746.0,19832.0
2021-10-29,1046643.0,127122.0,214258.0,19997.0
2021-11-05,1044500.0,124509.0,212703.0,19290.0
2021-11-12,1039150.0,123685.0,211996.0,21629.0
2021-11-19,1038525.0,121717.0,211393.0,21752.0
2021-11-26,1035667.0,123877.0,215422.0,20222.0
2021-12-03,1033737.0,126610.0,219304.0,19837.0
2021-12-10,1027203.0,123758.0,218585.0,23191.0
2021-12-17,1019952.0,124154.0,224118.0,20454.0
2021-12-24,1015023.0,122428.0,222659.0,22218.0
2021-12-31,1011533.0,126846.0,232787.0,19665.0
2022-01-07,1006680.0,129383.0,240748.0,20829.0
2022-01-14,1005847.0,127952.0,246621.0,21915.0
2022-01-21,1006972.0,125154.0,247918.0,22417.0
2022-01-28,1004055.0,122744.0,250037.0,21410.0
2022-02-04,997902.0,121814.0,248393.0,21881.0
2022-02-11,996336.0,120262.0,247061.0,22741.0
2022-02-18,998406.0,119678.0,246479.0,21483.0
2022-02-25,993445.0,119104.0,246011.0,20830.0
2022-03-04,989058.0,113874.0,244606.0,21210.0
2022-03-11,991420.0,114206.0,240991.0,20652.0
2022-03-18,984722.0,112135.0,238043.0,21124.0
2022-03-25,978272.0,113530.0,238828.0,19874.0
2022-04-01,976951.0,114301.0,236787.0,19815.0
2022-04-08,982434.0,111399.0,233139.0,18771.0
2022-04-15,969713.0,108735.0,232378.0,19033.0
2022-04-22,967494.0,107286.0,230805.0,19821.0
2022-04-29,965712.0,104942.0,228575.0,19467.0
2022-05-06,967208.0,104029.0,224968.0,19231.0
2022-05-13,958804.0,105264.0,220189.0,19661.0
2022-05-20,951814.0,106921.0,219707.0,19684.0
2022-05-27,941325.0,106392.0,218996.0,19512.0
2022-06-03,936081.0,108984.0,218184.0,20227.0
2022-06-10,930326.0,109709.0,217474.0,19703.0
2022-06-17,923146.0,109842.0,218963.0,19904.0
2022-06-24,913434.0,112401.0,221608.0,19997.0
2022-07-01,915828.0,111135.0,219112.0,20464.0
2022-07-08,912201.0,113803.0,224937.0,18720.0
2022-07-15,906758.0,112508.0,228435.0,21025.0
2022-07-22,896631.0,111724.0,225131.0,19976.0
2022-07-29,896408.0,109324.0,225294.0,19948.0
2022-08-05,896568.0,111490.0,220316.0,19474.0
2022-08-12,886110.0,112256.0,215674.0,21221.0
2022-08-19,874737.0,111594.0,215647.0,19339.0
2022-08-26,868344.0,111706.0,214475.0,20073.0
2022-09-02,869662.0,111801.0,214808.0,19892.0
2022-09-09,863690.0,116020.0,213040.0,19313.0
2022-09-16,857932.0,117250.0,214610.0,18938.0
2022-09-23,853142.0,114359.0,212188.0,20770.0
2022-09-30,845592.0,110916.0,207460.0,20831.0
2022-10-07,847781.0,106063.0,209482.0,19271.0
2022-10-14,842492.0,106187.0,209368.0,20761.0
2022-10-21,841663.0,106357.0,207890.0,20587.0
2022-10-28,836622.0,106784.0,206633.0,20481.0
2022-11-04,836974.0,106263.0,205733.0,21267.0
2022-11-11,827474.0,107383.0,207940.0,21087.0
2022-11-18,822183.0,109101.0,210998.0,19878.0
2022-11-25,808200.0,112648.0,213768.0,19717.0
2022-12-02,800917.0,118807.0,219087.0,19626.0
2022-12-09,806400.0,120171.0,223583.0,19956.0
2022-12-16,796858.0,119929.0,226113.0,20924.0
2022-12-23,794080.0,120212.0,223008.0,22822.0
2022-12-30,793026.0,118785.0,222662.0,18190.0
2023-01-06,811187.0,117716.0,226776.0,17627.0
2023-01-13,819594.0,115777.0,230259.0,20314.0
2023-01-20,820127.0,115270.0,232022.0,19447.0
2023-01-27,824267.0,117590.0,234598.0,20106.0
2023-02-03,826690.0,120522.0,239606.0,20536.0
2023-02-10,842973.0,119237.0,241922.0,19302.0
2023-02-17,850620.0,121935.0,240066.0,20218.0
2023-02-24,851786.0,122114.0,239192.0,20413.0
2023-03-03,850092.0,122252.0,238058.0,19049.0
2023-03-10,851642.0,119715.0,235997.0,19113.0
2023-03-17,852759.0,116402.0,229598.0,20026.0
2023-03-24,845270.0,116683.0,226694.0,20476.0
2023-03-31,841127.0,113051.0,222575.0,20599.0
2023-04-07,840124.0,112445.0,222245.0,19055.0
2023-04-14,833931.0,112090.0,223544.0,19317.0
2023-04-21,827856.0,111513.0,221136.0,20208.0
2023-04-28,824571.0,110323.0,222878.0,19805.0
2023-05-05,824598.0,106153.0,219711.0,20164.0
2023-05-12,827210.0,106233.0,218330.0,19558.0
2023-05-19,813122.0,105672.0,216277.0,20701.0
2023-05-26,815093.0,106657.0,216070.0,19442.0
2023-06-02,812774.0,111731.0,218815.0,19221.0
2023-06-09,818811.0,113854.0,220923.0,20408.0
2023-06-16,813261.0,114288.0,221402.0,20925.0
2023-06-23,802307.0,114411.0,222005.0,20306.0
2023-06-30,799341.0,113366.0,219456.0,21235.0
2023-07-07,804886.0,118181.0,219452.0,18701.0
2023-07-14,804179.0,118194.0,218386.0,20767.0
2023-07-21,803579.0,117949.0,217600.0,21276.0
2023-07-28,786530.0,117153.0,219081.0,20023.0
2023-08-04,793376.0,115447.0,216420.0,20727.0
2023-08-11,788016.0,115743.0,216158.0,21663.0
2023-08-18,782476.0,116688.0,217626.0,21165.0
2023-08-25,772486.0,117923.0,217412.0,21429.0
2023-09-01,766977.0,118602.0,214746.0,20203.0
2023-09-08,771222.0,122533.0,220307.0,20991.0
2023-09-15,769686.0,119666.0,219476.0,20914.0
2023-09-22,767267.0,120064.0,220503.0,20141.0
2023-09-29,765343.0,118795.0,226984.0,19157.0
2023-10-06,775513.0,116958.0,225671.0,19666.0
2023-10-13,771022.0,113773.0,223301.0,21897.0
2023-10-20,772394.0,112087.0,223457.0,20102.0
2023-10-27,773167.0,111295.0,223522.0,19869.0
2023-11-03,787036.0,108001.0,217210.0,21722.0
2023-11-10,790628.0,106579.0,215670.0,20080.0
2023-11-17,799328.0,105561.0,216420.0,20042.0
2023-11-24,801251.0,110778.0,218184.0,18917.0
2023-12-01,796948.0,112045.0,223604.0,19611.0
2023-12-08,792684.0,113539.0,224013.0,21079.0
2023-12-15,796222.0,115024.0,226723.0,20785.0
2023-12-22,789901.0,115765.0,226054.0,21415.0
2023-12-29,785453.0,125855.0,236954.0,19059.0
2024-01-05,787397.0,132383.0,244982.0,19605.0
2024-01-12,785501.0,134753.0,248065.0,19869.0
2024-01-19,777188.0,133336.0,252977.0,19556.0
2024-01-26,779314.0,130795.0,254134.0,20119.0
2024-02-02,785449.0,127574.0,250988.0,20227.0
2024-02-09,798213.0,125659.0,247330.0,19255.0
2024-02-16,802475.0,121651.0,247037.0,18918.0
2024-02-23,807417.0,121141.0,244205.0,19529.0
2024-03-01,809490.0,117010.0,239745.0,20294.0
2024-03-08,808550.0,117898.0,234083.0,20803.0
2024-03-15,807348.0,118522.0,230773.0,19742.0
2024-03-22,811257.0,117337.0,232072.0,19531.0
2024-03-29,815058.0,116069.0,227816.0,21292.0
2024-04-05,821494.0,117728.0,228531.0,19236.0
2024-04-12,824877.0,114968.0,227377.0,19220.0
2024-04-19,819302.0,116582.0,226743.0,19535.0
2024-04-26,827161.0,115850.0,227087.0,20417.0
2024-05-03,826746.0,116410.0,228002.0,20290.0
2024-05-10,824831.0,116365.0,227767.0,20056.0
2024-05-17,827649.0,116744.0,226822.0,20030.0
2024-05-24,823978.0,119288.0,228844.0,19383.0
2024-05-31,826109.0,122485.0,230946.0,20510.0
2024-06-07,830178.0,123366.0,233512.0,19219.0
2024-06-14,828017.0,121640.0,231232.0,21081.0
2024-06-21,832893.0,121263.0,233886.0,20689.0
2024-06-28,821134.0,119728.0,231672.0,21083.0
2024-07-05,818168.0,124612.0,229666.0,20749.0
2024-07-12,813948.0,128066.0,232994.0,19430.0
2024-07-19,810897.0,125313.0,227422.0,21033.0
2024-07-26,808146.0,126847.0,223757.0,20724.0
2024-08-02,805154.0,127796.0,225097.0,19974.0
2024-08-09,807205.0,126123.0,222203.0,20523.0
2024-08-16,803192.0,122811.0,220597.0,20422.0
2024-08-23,803091.0,123086.0,218394.0,21592.0
2024-08-30,797982.0,122715.0,219242.0,20541.0
2024-09-06,799094.0,125023.0,221552.0,19383.0
2024-09-13,798119.0,125148.0,221621.0,19792.0
2024-09-20,794935.0,122921.0,220083.0,21386.0
2024-09-27,799484.0,121637.0,221202.0,19847.0
2024-10-04,805671.0,118513.0,214898.0,21185.0
2024-10-11,804432.0,114979.0,212697.0,20697.0
2024-10-18,810666.0,113839.0,213575.0,20251.0
2024-10-25,811340.0,112862.0,210868.0,21638.0
2024-11-01,814881.0,115809.0,211280.0,19739.0
2024-11-08,817537.0,114415.0,206873.0,21583.0
2024-11-15,819482.0,114301.0,208927.0,19771.0
2024-11-22,818810.0,114717.0,212241.0,20471.0
2024-11-29,815182.0,118100.0,214603.0,19968.0
2024-12-06,814481.0,121335.0,219689.0,20158.0
2024-12-13,814066.0,118155.0,222037.0,20820.0
2024-12-20,810089.0,116461.0,223667.0,21831.0
2024-12-27,809171.0,122867.0,231384.0,18545.0
2025-01-03,808459.0,128938.0,237714.0,19791.0
2025-01-10,806997.0,132015.0,243566.0,20673.0
2025-01-17,806229.0,128945.0,245898.0,19597.0
2025-01-24,809940.0,123951.0,248855.0,21087.0
2025-01-31,818854.0,118480.0,251088.0,21075.0
2025-02-07,823173.0,118615.0,248053.0,19624.0
2025-02-14,827806.0,116564.0,247902.0,19653.0
2025-02-21,825474.0,120472.0,248271.0,20842.0
2025-02-28,829088.0,119154.0,246838.0,20543.0
2025-03-07,830811.0,117595.0,241101.0,21600.0
2025-03-14,832831.0,114783.0,240574.0,19417.0
2025-03-21,829776.0,114362.0,239128.0,19237.0
2025-03-28,836226.0,114626.0,237577.0,20121.0
2025-04-04,839055.0,111082.0,235977.0,19481.0
2025-04-11,839869.0,109231.0,234019.0,19123.0
2025-04-18,840581.0,106878.0,229543.0,20875.0
2025-04-25,838950.0,107815.0,225540.0,19154.0
2025-05-02,837498.0,106708.0,225728.0,19872.0
2025-05-09,841480.0,103553.0,224706.0,19441.0
2025-05-16,843651.0,104132.0,225522.0,20031.0
2025-05-23,841676.0,103408.0,223081.0,20242.0
2025-05-30,837881.0,107638.0,228300.0,19528.0
2025-06-06,834474.0,108884.0,229804.0,19762.0
2025-06-13,823231.0,109398.0,230013.0,20391.0
2025-06-20,817632.0,105332.0,227938.0,20513.0
2025-06-27,821716.0,103622.0,232126.0,20487.0
2025-07-04,829024.0,102797.0,229468.0,20863.0
2025-07-11,824865.0,106970.0,232867.0,19184.0
2025-07-18,821496.0,109901.0,231129.0,21770.0
2025-07-25,829432.0,113536.0,228405.0,21387.0
2025-08-01,826638.0,112971.0,227082.0,20122.0
2025-08-08,829900.0,113685.0,226290.0,21357.0
2025-08-15,824109.0,116028.0,223570.0,21506.0
2025-08-22,822493.0,114242.0,222334.0,21614.0
2025-08-29,825417.0,115923.0,218539.0,20652.0
2025-09-05,829870.0,120638.0,219997.0,19781.0
2025-09-12,821089.0,124684.0,217650.0,20637.0
2025-09-19,820712.0,122999.0,216569.0,20793.0
