date,DTWEXBGS,T5YIFR
2015-01-02,102.9027,2.12
2015-01-05,103.4976,2.03
2015-01-06,103.2938,1.96
2015-01-07,103.6316,1.98
2015-01-08,103.2799,2.03
2015-01-09,103.1213,2.04
2015-01-12,103.2372,1.98
2015-01-13,103.27,2.03
2015-01-14,103.0903,1.96
2015-01-15,103.0829,1.98
2015-01-16,103.2189,2.01
2015-01-20,103.5233,1.99
2015-01-21,103.7858,2.05
2015-01-22,103.9271,2.03
2015-01-23,104.3676,1.99
2015-01-26,104.4818,1.98
2015-01-27,104.1646,2.03
2015-01-28,104.4737,1.98
2015-01-29,105.2763,1.93
2015-01-30,105.5884,2.01
2015-02-02,105.2058,1.98
2015-02-03,104.6063,2.0
2015-02-04,104.785,2.07
2015-02-05,104.4915,2.02
2015-02-06,105.1283,2.06
2015-02-09,104.9889,2.06
2015-02-10,105.2897,2.08
2015-02-11,105.7901,2.04
2015-02-12,104.9385,1.95
2015-02-13,104.8452,2.04
2015-02-17,,2.09
2015-02-18,105.2514,2.1
2015-02-19,105.1407,2.13
2015-02-20,105.3387,2.13
2015-02-23,105.5359,2.1
2015-02-24,105.5472,2.11
2015-02-25,105.0503,2.08
2015-02-26,105.5021,2.09
2015-02-27,105.5981,2.17
2015-03-02,105.8151,2.12
2015-03-03,105.5562,2.15
2015-03-04,106.1333,2.13
2015-03-05,,2.15
2015-03-06,107.4337,2.11
2015-03-09,107.5199,2.05
2015-03-10,108.1165,2.1
2015-03-11,108.5235,1.99
2015-03-12,108.1741,2.01
2015-03-13,108.9174,1.98
2015-03-16,108.6422,2.03
2015-03-17,108.5805,1.94
2015-03-18,108.408,2.07
2015-03-19,108.1826,2.09
2015-03-20,107.1671,2.02
2015-03-23,106.5022,2.02
2015-03-24,106.4401,2.01
2015-03-25,106.2636,2.06
2015-03-26,106.5582,2.03
2015-03-27,106.8916,1.98
2015-03-30,107.3941,1.97
2015-03-31,107.4396,2.01
2015-04-01,107.06,2.02
2015-04-02,106.6738,2.06
2015-04-03,105.8861,2.08
2015-04-06,105.7876,2.1
2015-04-07,106.4488,2.1
2015-04-08,106.4231,2.1
2015-04-09,107.0335,2.09
2015-04-10,107.4526,2.08
2015-04-13,107.7508,2.05
2015-04-14,107.0547,2.05
2015-04-15,107.1855,2.09
2015-04-16,106.2761,2.12
2015-04-17,106.329,2.13
2015-04-20,106.4902,2.18
2015-04-21,106.5582,2.13
2015-04-22,106.5815,2.14
2015-04-23,106.1658,2.08
2015-04-24,105.905,2.07
2015-04-27,105.6891,2.11
2015-04-28,105.1234,2.09
2015-04-29,104.5634,2.14
2015-04-30,105.312,2.16
2015-05-01,105.6382,2.16
2015-05-04,105.6679,2.15
2015-05-05,105.2396,2.16
2015-05-06,104.6935,2.13
2015-05-07,105.1941,2.1
2015-05-08,104.8424,2.1
2015-05-11,105.3075,2.12
2015-05-12,104.8924,2.11
2015-05-13,104.3608,2.05
2015-05-14,104.2359,2.09
2015-05-15,104.0202,2.04
2015-05-18,104.6068,2.08
2015-05-19,105.3448,2.08
2015-05-20,105.5605,2.11
2015-05-21,105.3808,2.05
2015-05-22,105.8487,2.09
2015-05-26,106.7294,2.05
2015-05-27,106.908,2.06
2015-05-28,106.92,2.07
2015-05-29,106.7388,2.03
2015-06-01,107.2238,2.05
2015-06-02,106.4507,2.07
2015-06-03,106.1443,2.07
2015-06-04,106.4725,2.03
2015-06-05,107.1336,2.08
2015-06-08,106.7693,2.07
2015-06-09,106.2238,2.07
2015-06-10,105.8037,2.08
2015-06-11,106.0934,2.03
2015-06-12,105.9015,2.04
2015-06-15,105.9989,2.06
2015-06-16,106.0473,2.09
2015-06-17,106.058,2.11
2015-06-18,105.102,2.11
2015-06-19,105.4496,2.09
2015-06-22,105.3846,2.15
2015-06-23,105.9678,2.17
2015-06-24,106.2522,2.16
2015-06-25,106.1515,2.19
2015-06-26,106.4116,2.18
2015-06-29,106.3785,2.15
2015-06-30,106.5191,2.13
2015-07-01,107.0101,2.18
2015-07-02,106.9106,2.2
2015-07-06,107.1343,2.17
2015-07-07,107.785,2.17
2015-07-08,107.4734,2.12
2015-07-09,107.5595,2.14
2015-07-10,107.213,2.16
2015-07-13,107.5849,2.16
2015-07-14,107.4843,2.15
2015-07-15,108.0149,2.15
2015-07-16,108.1726,2.16
2015-07-17,108.5374,2.16
2015-07-20,108.6944,2.15
2015-07-21,108.3893,2.15
2015-07-22,108.7817,2.12
2015-07-23,108.7565,2.13
2015-07-24,109.0174,2.12
2015-07-27,108.6924,2.11
2015-07-28,108.6881,2.12
2015-07-29,108.604,2.14
2015-07-30,109.4328,2.14
2015-07-31,108.7819,2.12
2015-08-03,109.214,2.09
2015-08-04,109.2244,2.11
2015-08-05,109.842,2.09
2015-08-06,109.722,2.03
2015-08-07,109.4376,2.04
2015-08-10,109.1931,2.08
2015-08-11,109.9464,2.05
2015-08-12,109.4655,1.97
2015-08-13,109.9025,2.0
2015-08-14,109.9174,1.99
2015-08-17,110.1435,1.94
2015-08-18,110.2504,1.95
2015-08-19,110.4333,1.97
2015-08-20,110.1077,1.95
2015-08-21,110.1443,1.93
2015-08-24,109.9306,1.87
2015-08-25,110.3394,1.91
2015-08-26,110.5807,1.93
2015-08-27,110.4834,1.96
2015-08-28,110.6714,2.0
2015-08-31,110.5621,2.0
2015-09-01,110.4506,1.96
2015-09-02,110.7979,1.93
2015-09-03,110.8566,1.92
2015-09-04,111.1018,1.88
2015-09-08,110.7942,1.91
2015-09-09,110.9225,1.97
2015-09-10,110.6331,1.97
2015-09-11,110.6109,1.97
2015-09-14,110.5005,1.93
2015-09-15,110.6394,1.92
2015-09-16,110.1021,1.93
2015-09-17,110.1212,1.92
2015-09-18,109.8165,1.91
2015-09-21,110.6414,1.89
2015-09-22,111.1967,1.87
2015-09-23,111.6287,1.88
2015-09-24,111.4454,1.87
2015-09-25,111.3725,1.81
2015-09-28,111.3914,1.76
2015-09-29,111.5219,1.75
2015-09-30,111.3311,1.75
2015-10-01,111.0439,1.79
2015-10-02,110.7006,1.81
2015-10-05,110.4445,1.84
2015-10-06,110.1371,1.82
2015-10-07,109.8162,1.88
2015-10-08,109.6452,1.9
2015-10-09,109.0782,1.86
2015-10-13,109.4119,1.86
2015-10-14,109.1244,1.83
2015-10-15,108.6671,1.82
2015-10-16,108.9956,1.78
2015-10-19,109.3858,1.77
2015-10-20,109.3368,1.8
2015-10-21,109.7746,1.77
2015-10-22,110.0342,1.8
2015-10-23,110.4329,1.83
2015-10-26,110.2089,1.8
2015-10-27,110.4875,1.81
2015-10-28,110.2334,1.8
2015-10-29,110.8083,1.85
2015-10-30,110.2079,1.86
2015-11-02,110.2188,1.87
2015-11-03,110.244,1.89
2015-11-04,110.7139,1.88
2015-11-05,110.8302,1.87
2015-11-06,111.7603,1.93
2015-11-09,111.9112,1.92
2015-11-10,111.9919,1.85
2015-11-12,111.7965,1.84
2015-11-13,112.0264,1.83
2015-11-16,112.2199,1.82
2015-11-17,112.3141,1.83
2015-11-18,112.3663,1.87
2015-11-19,111.5749,1.85
2015-11-20,111.7799,1.89
2015-11-23,112.1125,1.89
2015-11-24,111.7638,1.91
2015-11-25,111.8936,1.91
2015-11-27,112.2824,1.89
2015-11-30,112.34,1.88
2015-12-01,112.1134,1.85
2015-12-02,112.3715,1.85
2015-12-03,111.6407,1.89
2015-12-04,111.5463,1.9
2015-12-07,112.3056,1.87
2015-12-08,112.5485,1.87
2015-12-09,112.1918,1.85
2015-12-10,112.2672,1.82
2015-12-11,112.7147,1.75
2015-12-14,112.7521,1.73
2015-12-15,112.8609,1.74
2015-12-16,112.9864,1.72
2015-12-17,113.8177,1.73
2015-12-18,113.2837,1.71
2015-12-21,113.4144,1.71
2015-12-22,113.211,1.73
2015-12-23,113.1847,1.77
2015-12-24,113.0496,1.81
2015-12-28,113.0461,1.76
2015-12-29,113.1664,1.78
2015-12-30,113.4707,1.8
2015-12-31,113.3429,1.77
2016-01-04,114.1595,1.79
2016-01-05,114.2649,1.81
2016-01-06,114.6177,1.8
2016-01-07,114.6516,1.75
2016-01-08,115.0095,1.73
2016-01-11,115.0139,1.71
2016-01-12,115.3128,1.67
2016-01-13,115.1425,1.68
2016-01-14,115.3846,1.66
2016-01-15,115.7404,1.6
2016-01-19,115.8155,1.6
2016-01-20,116.3498,1.54
2016-01-21,115.9833,1.48
2016-01-22,,1.55
2016-01-25,,1.53
2016-01-26,,1.55
2016-01-27,115.5087,1.62
2016-01-28,115.2224,1.64
2016-01-29,115.5731,1.63
2016-02-01,115.3331,1.6
2016-02-02,115.553,1.58
2016-02-03,114.6144,1.6
2016-02-04,113.6012,1.59
2016-02-05,114.2935,1.59
2016-02-08,114.4351,1.49
2016-02-09,114.127,1.49
2016-02-10,114.2877,1.47
2016-02-11,114.1845,1.42
2016-02-12,114.2992,1.47
2016-02-16,114.4905,1.47
2016-02-17,113.8634,1.52
2016-02-18,113.8897,1.46
2016-02-19,113.9558,1.46
2016-02-22,113.8232,1.51
2016-02-23,114.177,1.51
2016-02-24,114.1716,1.57
2016-02-25,113.9222,1.6
2016-02-26,114.3708,1.62
2016-02-29,114.2418,1.61
2016-03-01,113.9265,1.67
2016-03-02,113.7965,1.68
2016-03-03,113.2482,1.7
2016-03-04,112.6387,1.66
2016-03-07,112.6219,1.6
2016-03-08,112.8465,1.59
2016-03-09,112.4268,1.65
2016-03-10,112.4191,1.61
2016-03-11,111.741,1.67
2016-03-14,112.1688,1.66
2016-03-15,112.5545,1.65
2016-03-16,112.7759,1.71
2016-03-17,110.445,1.68
2016-03-18,110.4002,1.75
2016-03-21,110.737,1.78
2016-03-22,110.7877,1.78
2016-03-23,111.5473,1.72
2016-03-24,111.816,1.72
2016-03-25,111.7698,
2016-03-28,111.3578,1.72
2016-03-29,111.3736,1.75
2016-03-30,110.2301,1.78
2016-03-31,109.9191,1.75
2016-04-01,110.2977,1.75
2016-04-04,110.3987,1.8
2016-04-05,110.9478,1.75
2016-04-06,110.5347,1.75
2016-04-07,110.8876,1.75
2016-04-08,110.4213,1.73
2016-04-11,109.9758,1.71
2016-04-12,109.816,1.75
2016-04-13,110.1436,1.69
2016-04-14,110.1691,1.7
2016-04-15,110.1933,1.7
2016-04-18,109.9892,1.73
2016-04-19,109.2782,1.74
2016-04-20,109.3926,1.75
2016-04-21,109.8533,1.72
2016-04-22,110.2331,1.72
2016-04-25,110.1865,1.74
2016-04-26,109.7496,1.78
2016-04-27,109.8483,1.79
2016-04-28,109.2148,1.83
2016-04-29,108.8274,1.82
2016-05-02,108.671,1.78
2016-05-03,109.3613,1.74
2016-05-04,109.9952,1.74
2016-05-05,110.2417,1.74
2016-05-06,110.3801,1.71
2016-05-09,110.9466,1.68
2016-05-10,110.8225,1.71
2016-05-11,110.2806,1.65
2016-05-12,110.6935,1.67
2016-05-13,111.2521,1.64
2016-05-16,111.1217,1.67
2016-05-17,111.0867,1.66
2016-05-18,111.4995,1.68
2016-05-19,112.2331,1.61
2016-05-20,112.1822,1.61
2016-05-23,112.284,1.59
2016-05-24,112.2912,1.59
2016-05-25,112.2001,1.65
2016-05-26,111.8979,1.65
2016-05-27,112.0822,1.65
2016-05-31,112.4276,1.61
2016-06-01,112.462,1.61
2016-06-02,112.4564,1.6
2016-06-03,111.4451,1.59
2016-06-06,111.2295,1.59
2016-06-07,110.8378,1.63
2016-06-08,110.1916,1.64
2016-06-09,110.6168,1.59
2016-06-10,111.1027,1.55
2016-06-13,111.5036,1.49
2016-06-14,111.9826,1.45
2016-06-15,111.7671,1.47
2016-06-16,112.2347,1.42
2016-06-17,111.5332,1.41
2016-06-20,110.8693,1.43
2016-06-21,111.0077,1.45
2016-06-22,110.7681,1.47
2016-06-23,110.262,1.53
2016-06-24,112.1355,1.48
2016-06-27,113.1301,1.41
2016-06-28,112.7545,1.42
2016-06-29,111.8597,1.44
2016-06-30,112.1618,1.42
2016-07-01,111.6509,1.43
2016-07-05,112.4231,1.41
2016-07-06,112.5438,1.45
2016-07-07,112.5775,1.45
2016-07-08,112.3963,1.47
2016-07-11,112.5254,1.43
2016-07-12,112.1102,1.46
2016-07-13,112.0266,1.47
2016-07-14,111.7692,1.46
2016-07-15,112.2833,1.54
2016-07-18,112.2463,1.57
2016-07-19,112.638,1.49
2016-07-20,112.6743,1.52
2016-07-21,112.6239,1.66
2016-07-22,112.989,1.66
2016-07-25,113.1784,1.66
2016-07-26,113.0593,1.67
2016-07-27,113.217,1.67
2016-07-28,112.7393,1.71
2016-07-29,111.874,1.67
2016-08-01,111.9757,1.65
2016-08-02,111.7124,1.63
2016-08-03,111.9419,1.64
2016-08-04,111.9149,1.64
2016-08-05,112.3589,1.67
2016-08-08,112.1456,1.68
2016-08-09,111.722,1.68
2016-08-10,111.3238,1.61
2016-08-11,111.1954,1.62
2016-08-12,111.1787,1.59
2016-08-15,110.9212,1.6
2016-08-16,110.4295,1.6
2016-08-17,110.9459,1.63
2016-08-18,110.3134,1.62
2016-08-19,110.8163,1.62
2016-08-22,110.9997,1.6
2016-08-23,110.9414,1.62
2016-08-24,111.2958,1.64
2016-08-25,111.1726,1.65
2016-08-26,111.2035,1.63
2016-08-29,111.8775,1.63
2016-08-30,112.2928,1.64
2016-08-31,112.4036,1.67
2016-09-01,112.1733,1.66
2016-09-02,112.0009,1.66
2016-09-06,110.9613,1.69
2016-09-07,110.9717,1.72
2016-09-08,111.2609,1.7
2016-09-09,111.9879,1.68
2016-09-12,112.1516,1.69
2016-09-13,112.5207,1.67
2016-09-14,112.4678,1.68
2016-09-15,112.4753,1.67
2016-09-16,113.1765,1.68
2016-09-19,112.903,1.65
2016-09-20,113.1848,1.65
2016-09-21,112.9842,1.65
2016-09-22,112.2592,1.7
2016-09-23,112.7166,1.72
2016-09-26,112.7112,1.68
2016-09-27,112.5515,1.66
2016-09-28,112.6283,1.68
2016-09-29,112.2879,1.64
2016-09-30,112.2795,1.75
2016-10-03,112.5077,1.79
2016-10-04,112.6579,1.79
2016-10-05,112.7946,1.76
2016-10-06,113.0066,1.79
2016-10-07,113.2915,1.76
2016-10-11,113.4461,1.77
2016-10-12,113.7442,1.77
2016-10-13,113.6238,1.76
2016-10-14,113.7119,1.81
2016-10-17,113.5488,1.81
2016-10-18,113.1393,1.78
2016-10-19,113.0547,1.8
2016-10-20,113.4033,1.8
2016-10-21,113.9015,1.78
2016-10-24,113.8571,1.79
2016-10-25,113.6801,1.83
2016-10-26,113.8131,1.84
2016-10-27,114.1998,1.87
2016-10-28,114.0931,1.86
2016-10-31,114.0188,1.87
2016-11-01,113.9915,1.85
2016-11-02,113.9206,1.85
2016-11-03,113.7664,1.84
2016-11-04,113.5828,1.84
2016-11-07,113.5443,1.86
2016-11-08,113.3017,1.89
2016-11-09,114.6956,1.97
2016-11-10,115.9375,2.06
2016-11-14,117.2245,2.01
2016-11-15,116.7724,1.97
2016-11-16,116.8062,2.0
2016-11-17,116.8952,2.03
2016-11-18,117.5936,2.06
2016-11-21,117.4762,2.08
2016-11-22,117.4508,2.05
2016-11-23,118.0356,2.1
2016-11-25,118.02,2.04
2016-11-28,117.7278,2.01
2016-11-29,117.644,2.03
2016-11-30,117.7636,2.11
2016-12-01,117.6642,2.13
2016-12-02,117.3116,2.06
2016-12-05,117.1008,2.09
2016-12-06,116.9225,2.1
2016-12-07,116.672,2.06
2016-12-08,117.0327,2.07
2016-12-09,117.2834,2.09
2016-12-12,116.9161,2.1
2016-12-13,116.8029,2.04
2016-12-14,116.7332,2.06
2016-12-15,118.8072,2.02
2016-12-16,118.3584,1.97
2016-12-19,118.3875,1.98
2016-12-20,118.63,2.0
2016-12-21,118.581,2.08
2016-12-22,118.8209,2.04
2016-12-23,118.7856,2.1
2016-12-27,118.9506,2.1
2016-12-28,119.2305,2.05
2016-12-29,118.6637,2.07
2016-12-30,118.3466,2.06
2017-01-03,119.0903,2.1
2017-01-04,118.8803,2.12
2017-01-05,117.9999,2.07
2017-01-06,118.3495,2.08
2017-01-09,118.4111,2.05
2017-01-10,118.5386,2.06
2017-01-11,119.0219,2.13
2017-01-12,117.8001,2.09
2017-01-13,117.9884,2.13
2017-01-17,117.2656,2.1
2017-01-18,117.7242,2.14
2017-01-19,118.3182,2.18
2017-01-20,,2.16
2017-01-23,117.2479,2.18
2017-01-24,117.0516,2.19
2017-01-25,116.9355,2.2
2017-01-26,117.2766,2.22
2017-01-27,117.0735,2.2
2017-01-30,116.7325,2.19
2017-01-31,116.2241,2.16
2017-02-01,116.3914,2.18
2017-02-02,115.903,2.17
2017-02-03,115.6259,2.19
2017-02-06,116.0504,2.13
2017-02-07,116.4082,2.13
2017-02-08,116.1382,2.1
2017-02-09,116.306,2.12
2017-02-10,116.148,2.15
2017-02-13,116.3427,2.13
2017-02-14,116.3949,2.15
2017-02-15,116.2162,2.19
2017-02-16,116.0067,2.14
2017-02-17,116.4035,2.17
2017-02-21,116.5921,2.19
2017-02-22,116.2136,2.16
2017-02-23,115.6527,2.16
2017-02-24,115.8143,2.1
2017-02-27,115.6764,2.16
2017-02-28,116.0032,2.15
2017-03-01,116.438,2.22
2017-03-02,116.8429,2.18
2017-03-03,116.6438,2.16
2017-03-06,116.4313,2.12
2017-03-07,116.4303,2.14
2017-03-08,116.875,2.12
2017-03-09,116.9959,2.11
2017-03-10,116.616,2.12
2017-03-13,116.4004,2.16
2017-03-14,116.5646,2.1
2017-03-15,116.3584,2.18
2017-03-16,115.4456,2.17
2017-03-17,115.2783,2.13
2017-03-20,115.0426,2.14
2017-03-21,114.8119,2.16
2017-03-22,114.7937,2.15
2017-03-23,114.7899,2.15
2017-03-24,114.6372,2.23
2017-03-27,114.2347,2.19
2017-03-28,114.419,2.21
2017-03-29,114.7167,2.16
2017-03-30,114.5245,2.11
2017-03-31,114.7938,2.17
2017-04-03,114.8734,2.19
2017-04-04,115.0038,2.15
2017-04-05,114.9494,2.17
2017-04-06,115.0181,2.19
2017-04-07,115.0547,2.18
2017-04-10,115.11,2.17
2017-04-11,115.009,2.12
2017-04-12,114.9162,2.11
2017-04-13,114.5059,2.1
2017-04-14,114.5368,
2017-04-17,114.3283,2.07
2017-04-18,114.2575,2.05
2017-04-19,114.7923,2.04
2017-04-20,114.6205,1.88
2017-04-21,114.8128,1.89
2017-04-24,114.3659,1.93
2017-04-25,114.5111,1.97
2017-04-26,114.9479,1.97
2017-04-27,114.9946,2.01
2017-04-28,114.7877,2.03
2017-05-01,114.5921,2.04
2017-05-02,114.6792,1.99
2017-05-03,114.6637,1.98
2017-05-04,114.9076,2.0
2017-05-05,114.7725,1.97
2017-05-08,115.0895,1.97
2017-05-09,115.3933,1.98
2017-05-10,115.1145,1.92
2017-05-11,115.0669,1.94
2017-05-12,114.7479,1.93
2017-05-15,114.3504,1.9
2017-05-16,113.9923,1.9
2017-05-17,113.7506,1.86
2017-05-18,114.2683,1.88
2017-05-19,113.7001,1.89
2017-05-22,113.5442,1.89
2017-05-23,113.6862,1.89
2017-05-24,113.675,1.89
2017-05-25,113.3719,1.9
2017-05-26,113.4839,1.89
2017-05-30,113.5552,1.89
2017-05-31,113.2956,1.9
2017-06-01,113.3017,1.89
2017-06-02,113.1908,1.86
2017-06-05,112.9755,1.86
2017-06-06,112.7095,1.83
2017-06-07,112.8191,1.87
2017-06-08,112.8351,1.87
2017-06-09,112.9562,1.88
2017-06-12,112.9837,1.83
2017-06-13,112.6271,1.83
2017-06-14,112.0734,1.83
2017-06-15,112.8708,1.78
2017-06-16,112.6155,1.78
2017-06-19,112.7576,1.78
2017-06-20,113.2698,1.78
2017-06-21,113.3327,1.78
2017-06-22,113.1654,1.81
2017-06-23,112.8665,1.81
2017-06-26,112.7633,1.81
2017-06-27,112.55,1.8
2017-06-28,112.0747,1.81
2017-06-29,111.998,1.82
2017-06-30,111.9896,1.83
2017-07-03,112.4268,1.84
2017-07-05,112.6534,1.85
2017-07-06,112.4199,1.86
2017-07-07,112.3137,1.83
2017-07-10,112.1587,1.84
2017-07-11,112.1434,1.89
2017-07-12,111.5904,1.89
2017-07-13,111.5365,1.9
2017-07-14,110.9075,1.9
2017-07-17,110.9304,1.9
2017-07-18,110.4356,1.9
2017-07-19,110.4339,1.87
2017-07-20,110.2512,1.92
2017-07-21,110.191,1.9
2017-07-24,110.2004,1.94
2017-07-25,110.2835,1.95
2017-07-26,110.3811,1.94
2017-07-27,110.216,1.98
2017-07-28,109.92,1.98
2017-07-31,109.8177,1.97
2017-08-01,109.8495,1.96
2017-08-02,109.7503,1.95
2017-08-03,109.8332,1.94
2017-08-04,110.2808,1.95
2017-08-07,110.373,1.95
2017-08-08,110.396,1.97
2017-08-09,110.3671,1.94
2017-08-10,110.1886,1.92
2017-08-11,110.0422,1.94
2017-08-14,110.095,1.95
2017-08-15,110.4846,1.93
2017-08-16,110.4394,1.94
2017-08-17,110.1673,1.93
2017-08-18,110.041,1.91
2017-08-21,109.7349,1.91
2017-08-22,109.8386,1.93
2017-08-23,109.8095,1.92
2017-08-24,109.7524,1.9
2017-08-25,109.3415,1.93
2017-08-28,109.1815,1.94
2017-08-29,109.0946,1.94
2017-08-30,109.4052,1.95
2017-08-31,109.3686,1.94
2017-09-01,109.0504,1.95
2017-09-05,108.8664,1.96
2017-09-06,108.4897,1.96
2017-09-07,107.9224,1.97
2017-09-08,107.808,1.99
2017-09-11,108.153,2.03
2017-09-12,108.3239,2.01
2017-09-13,108.6628,2.02
2017-09-14,108.618,2.0
2017-09-15,108.3147,1.98
2017-09-18,108.6401,2.0
2017-09-19,108.6142,2.0
2017-09-20,108.4329,1.99
2017-09-21,108.9267,1.96
2017-09-22,108.7542,1.97
2017-09-25,109.3302,1.96
2017-09-26,109.7769,1.96
2017-09-27,110.0722,2.0
2017-09-28,110.2415,2.01
2017-09-29,110.0867,2.0
2017-10-02,110.3686,1.93
2017-10-03,110.3281,2.0
2017-10-04,110.2425,1.97
2017-10-05,110.5823,1.98
2017-10-06,110.7841,1.96
2017-10-10,110.3034,2.01
2017-10-11,110.3037,2.03
2017-10-12,110.3152,1.99
2017-10-13,110.2669,1.99
2017-10-16,110.5432,2.02
2017-10-17,110.9141,1.95
2017-10-18,110.7214,1.99
2017-10-19,110.4577,2.02
2017-10-20,111.0375,1.98
2017-10-23,111.2134,2.03
2017-10-24,111.4027,2.01
2017-10-25,111.3904,2.02
2017-10-26,111.6418,2.02
2017-10-27,112.1495,2.0
2017-10-30,111.901,1.97
2017-10-31,111.8052,1.97
2017-11-01,111.7942,2.05
2017-11-02,111.5474,1.95
2017-11-03,111.9383,1.98
2017-11-06,111.7197,1.95
2017-11-07,111.9446,1.96
2017-11-08,111.6935,1.97
2017-11-09,111.5626,1.94
2017-11-10,,1.98
2017-11-13,111.7833,1.97
2017-11-14,111.5097,1.95
2017-11-15,111.4809,1.92
2017-11-16,111.2568,1.89
2017-11-17,111.0016,1.97
2017-11-20,111.2599,1.96
2017-11-21,110.9828,1.93
2017-11-22,110.5632,1.93
2017-11-24,110.0253,1.97
2017-11-27,110.1136,1.97
2017-11-28,110.3018,1.99
2017-11-29,110.3265,1.99
2017-11-30,110.4648,1.99
2017-12-01,110.1413,2.0
2017-12-04,110.397,1.98
2017-12-05,110.4905,2.03
2017-12-06,110.8711,1.98
2017-12-07,111.0178,2.0
2017-12-08,111.2273,2.05
2017-12-11,111.0827,2.0
2017-12-12,111.5214,2.0
2017-12-13,111.2759,2.02
2017-12-14,111.0893,1.98
2017-12-15,111.1286,1.99
2017-12-18,110.9086,2.07
2017-12-19,111.1255,2.08
2017-12-20,110.8361,2.1
2017-12-21,110.8786,2.02
2017-12-22,111.0997,2.06
2017-12-26,110.9758,2.12
2017-12-27,110.8553,2.06
2017-12-28,110.5154,2.06
2017-12-29,110.0783,2.06
2018-01-02,109.6444,2.1
2018-01-03,109.6751,2.09
2018-01-04,109.4779,2.1
2018-01-05,109.3496,2.07
2018-01-08,109.5678,2.13
2018-01-09,109.9022,2.11
2018-01-10,109.6277,2.12
2018-01-11,109.4887,2.11
2018-01-12,108.9011,2.1
2018-01-16,108.322,2.12
2018-01-17,108.1526,2.18
2018-01-18,108.0655,2.11
2018-01-19,107.9454,2.12
2018-01-22,108.1069,2.12
2018-01-23,107.9981,2.2
2018-01-24,107.0801,2.18
2018-01-25,106.5052,2.23
2018-01-26,106.6909,2.25
2018-01-29,107.1141,2.26
2018-01-30,107.1063,2.23
2018-01-31,106.7695,2.24
2018-02-01,106.4877,2.29
2018-02-02,107.1154,2.35
2018-02-05,107.3303,2.25
2018-02-06,107.5206,2.32
2018-02-07,107.7173,2.3
2018-02-08,108.3021,2.29
2018-02-09,108.2579,2.27
2018-02-12,108.0332,2.3
2018-02-13,107.7575,2.22
2018-02-14,107.4693,2.27
2018-02-15,106.9869,2.22
2018-02-16,107.0359,2.18
2018-02-20,107.6248,2.16
2018-02-21,107.8679,2.18
2018-02-22,107.8668,2.16
2018-02-23,107.6802,2.2
2018-02-26,107.7345,2.19
2018-02-27,108.1729,2.17
2018-02-28,108.3901,2.2
2018-03-01,108.5357,2.17
2018-03-02,,2.21
2018-03-05,108.3617,2.21
2018-03-06,107.7972,2.14
2018-03-07,108.0916,2.16
2018-03-08,108.2673,2.14
2018-03-09,107.9231,2.28
2018-03-12,107.9439,2.18
2018-03-13,107.7387,2.13
2018-03-14,107.8625,2.1
2018-03-15,108.2033,2.09
2018-03-16,108.4333,2.11
2018-03-19,108.3146,2.12
2018-03-20,108.4953,2.11
2018-03-21,,2.22
2018-03-22,107.9934,2.13
2018-03-23,107.7495,2.13
2018-03-26,107.182,2.15
2018-03-27,107.3361,2.2
2018-03-28,107.5733,2.19
2018-03-29,107.665,2.18
2018-03-30,107.4783,
2018-04-02,107.7031,2.11
2018-04-03,107.5621,2.17
2018-04-04,107.636,2.12
2018-04-05,107.7279,2.23
2018-04-06,107.7884,2.13
2018-04-09,107.5312,2.12
2018-04-10,107.3651,2.16
2018-04-11,107.1216,2.16
2018-04-12,107.2897,2.21
2018-04-13,107.2359,2.25
2018-04-16,107.0588,2.16
2018-04-17,107.0335,2.27
2018-04-18,107.1091,2.28
2018-04-19,107.5191,2.22
2018-04-20,108.1782,2.24
2018-04-23,108.9328,2.25
2018-04-24,108.7903,2.24
2018-04-25,109.3443,2.25
2018-04-26,109.3639,2.26
2018-04-27,109.1729,2.25
2018-04-30,109.3356,2.24
2018-05-01,109.7437,2.23
2018-05-02,110.1616,2.25
2018-05-03,110.1796,2.23
2018-05-04,110.2492,2.23
2018-05-07,110.5713,2.23
2018-05-08,111.062,2.22
2018-05-09,110.8807,2.23
2018-05-10,110.4041,2.22
2018-05-11,110.2839,2.17
2018-05-14,110.4073,2.18
2018-05-15,111.2283,2.21
2018-05-16,111.3057,2.18
2018-05-17,111.3537,2.16
2018-05-18,111.7161,2.16
2018-05-21,111.6385,2.17
2018-05-22,111.1934,2.17
2018-05-23,111.6919,2.16
2018-05-24,111.4871,2.13
2018-05-25,111.5828,2.14
2018-05-29,112.2108,2.1
2018-05-30,111.6717,2.12
2018-05-31,111.988,2.11
2018-06-01,111.8253,2.12
2018-06-04,111.8235,2.18
2018-06-05,112.2628,2.21
2018-06-06,111.7517,2.22
2018-06-07,112.0719,2.18
2018-06-08,112.1057,2.16
2018-06-11,112.1097,2.18
2018-06-12,112.2129,2.19
2018-06-13,112.2569,2.15
2018-06-14,112.8581,2.17
2018-06-15,113.3369,2.16
2018-06-18,113.4889,2.16
2018-06-19,113.6379,2.17
2018-06-20,113.4774,2.18
2018-06-21,113.61,2.17
2018-06-22,113.3039,2.17
2018-06-25,113.2854,2.14
2018-06-26,113.301,2.17
2018-06-27,113.8964,2.15
2018-06-28,113.8399,2.13
2018-06-29,113.2583,2.16
2018-07-02,114.1669,2.21
2018-07-03,113.3217,2.16
2018-07-05,112.9756,2.16
2018-07-06,112.6426,2.16
2018-07-09,112.6423,2.16
2018-07-10,112.5792,2.17
2018-07-11,112.8582,2.15
2018-07-12,112.779,2.14
2018-07-13,113.0705,2.15
2018-07-16,112.8438,2.15
2018-07-17,113.1504,2.15
2018-07-18,113.3349,2.15
2018-07-19,113.9464,2.17
2018-07-20,113.3214,2.2
2018-07-23,113.4248,2.21
2018-07-24,113.2043,2.22
2018-07-25,112.9217,2.25
2018-07-26,112.9175,2.22
2018-07-27,112.8122,2.24
2018-07-30,112.6043,2.25
2018-07-31,112.7297,2.24
2018-08-01,112.8897,2.26
2018-08-02,113.1674,2.25
2018-08-03,113.0114,2.24
2018-08-06,113.2283,2.24
2018-08-07,112.9753,2.26
2018-08-08,113.1404,2.24
2018-08-09,113.3797,2.25
2018-08-10,114.2992,2.2
2018-08-13,114.8497,2.21
2018-08-14,114.6566,2.19
2018-08-15,115.1512,2.19
2018-08-16,114.6403,2.19
2018-08-17,114.5327,2.2
2018-08-20,114.3493,2.19
2018-08-21,113.8595,2.19
2018-08-22,113.6622,2.2
2018-08-23,114.0926,2.19
2018-08-24,113.598,2.19
2018-08-27,113.2717,2.22
2018-08-28,113.3441,2.23
2018-08-29,113.6458,2.24
2018-08-30,114.0895,2.21
2018-08-31,114.275,2.18
2018-09-04,114.858,2.21
2018-09-05,114.7474,2.2
2018-09-06,114.6473,2.19
2018-09-07,114.5807,2.22
2018-09-10,114.6793,2.22
2018-09-11,114.7044,2.23
2018-09-12,114.2185,2.22
2018-09-13,113.9264,2.22
2018-09-14,114.0654,2.2
2018-09-17,113.9154,2.21
2018-09-18,113.7735,2.25
2018-09-19,113.6528,2.28
2018-09-20,113.4986,2.28
2018-09-21,113.5097,2.28
2018-09-24,113.53,2.29
2018-09-25,113.7203,2.27
2018-09-26,113.6738,2.24
2018-09-27,113.9782,2.26
2018-09-28,113.8072,2.25
2018-10-01,113.8227,2.24
2018-10-02,113.8946,2.21
2018-10-03,114.1559,2.25
2018-10-04,114.6857,2.26
2018-10-05,114.5599,2.27
2018-10-09,114.6568,2.29
2018-10-10,114.6059,2.28
2018-10-11,114.4062,2.25
2018-10-12,114.368,2.25
2018-10-15,114.044,2.26
2018-10-16,113.8952,2.25
2018-10-17,114.1743,2.26
2018-10-18,114.8152,2.21
2018-10-19,114.8557,2.24
2018-10-22,115.1772,2.24
2018-10-23,115.1641,2.24
2018-10-24,115.3743,2.21
2018-10-25,115.4818,2.19
2018-10-26,115.4717,2.19
2018-10-29,115.8925,2.2
2018-10-30,116.2346,2.19
2018-10-31,116.5268,2.2
2018-11-01,115.8643,2.16
2018-11-02,115.6415,2.21
2018-11-05,115.7015,2.21
2018-11-06,115.5607,2.22
2018-11-07,115.2505,2.21
2018-11-08,115.6463,2.22
2018-11-09,116.4762,2.18
2018-11-13,116.6676,2.16
2018-11-14,116.4964,2.15
2018-11-15,116.3849,2.15
2018-11-16,115.9246,2.16
2018-11-19,115.985,2.13
2018-11-20,116.2357,2.12
2018-11-21,116.0911,2.13
2018-11-23,116.4703,2.15
2018-11-26,116.6198,2.14
2018-11-27,116.8991,2.09
2018-11-28,116.8333,2.14
2018-11-29,116.1954,2.17
2018-11-30,116.4121,2.17
2018-12-03,115.9046,2.16
2018-12-04,116.0015,2.14
2018-12-06,116.3983,2.11
2018-12-07,116.0839,2.1
2018-12-10,116.6739,2.07
2018-12-11,116.7556,2.04
2018-12-12,116.2205,2.04
2018-12-13,116.3967,2.04
2018-12-14,116.7891,2.04
2018-12-17,116.4524,2.04
2018-12-18,116.4122,2.04
2018-12-19,116.0672,2.04
2018-12-20,116.0179,1.99
2018-12-21,116.2221,1.99
2018-12-24,116.2177,1.98
2018-12-26,116.1156,1.97
2018-12-27,115.9922,1.95
2018-12-28,115.7226,1.94
2018-12-31,115.5667,1.91
2019-01-02,115.7676,1.91
2019-01-03,115.4611,1.87
2019-01-04,114.9813,1.94
2019-01-07,114.5621,1.95
2019-01-08,114.7272,1.98
2019-01-09,114.1394,1.98
2019-01-10,114.048,1.97
2019-01-11,114.0383,2.0
2019-01-14,,1.98
2019-01-15,114.3374,1.99
2019-01-16,114.1341,2.0
2019-01-17,114.4087,1.94
2019-01-18,114.5555,1.99
2019-01-22,114.7515,1.95
2019-01-23,114.5732,1.96
2019-01-24,114.614,1.92
2019-01-25,114.0168,1.94
2019-01-28,114.0493,1.94
2019-01-29,114.0227,1.94
2019-01-30,114.0705,2.0
2019-01-31,113.5476,2.0
2019-02-01,113.7524,2.04
2019-02-04,113.8738,2.02
2019-02-05,114.0404,2.02
2019-02-06,114.2275,2.01
2019-02-07,114.4308,1.99
2019-02-08,114.4975,1.95
2019-02-11,115.0288,1.95
2019-02-12,114.7278,1.95
2019-02-13,114.9388,1.96
2019-02-14,115.0984,1.96
2019-02-15,114.9899,1.97
2019-02-19,114.5676,1.98
2019-02-20,,1.99
2019-02-21,114.507,2.02
2019-02-22,114.2692,2.0
2019-02-25,114.1432,2.02
2019-02-26,114.0662,2.02
2019-02-27,114.0337,2.02
2019-02-28,114.1971,2.06
2019-03-01,114.535,2.07
2019-03-04,114.6903,2.04
2019-03-05,114.8019,2.03
2019-03-06,114.9697,2.01
2019-03-07,115.4905,2.0
2019-03-08,115.3585,2.0
2019-03-11,115.2953,2.0
2019-03-12,114.9376,1.99
2019-03-13,114.7361,2.0
2019-03-14,114.7891,2.03
2019-03-15,114.5808,2.02
2019-03-18,114.4368,2.04
2019-03-19,114.2313,2.05
2019-03-20,114.1497,2.04
2019-03-21,114.1672,2.06
2019-03-22,114.6845,2.0
2019-03-25,114.4158,1.99
2019-03-26,114.6404,1.97
2019-03-27,115.1236,1.94
2019-03-28,115.2575,1.94
2019-03-29,115.1364,1.98
2019-04-01,114.935,1.98
2019-04-02,115.1164,1.99
2019-04-03,114.7204,2.01
2019-04-04,114.9687,1.99
2019-04-05,114.9714,2.01
2019-04-08,114.6879,2.01
2019-04-09,114.5307,2.02
2019-04-10,114.4255,2.05
2019-04-11,114.629,2.06
2019-04-12,114.3517,2.04
2019-04-15,114.4936,2.03
2019-04-16,114.6745,2.06
2019-04-17,114.5128,2.04
2019-04-18,114.7057,2.04
2019-04-19,114.6961,
2019-04-22,114.7679,2.03
2019-04-23,115.1563,2.03
2019-04-24,115.4172,2.05
2019-04-25,115.7692,2.1
2019-04-26,115.4749,2.08
2019-04-29,115.5213,2.06
2019-04-30,115.3268,2.05
2019-05-01,115.0008,2.03
2019-05-02,115.5607,2.0
2019-05-03,115.2635,2.02
2019-05-06,115.38,2.01
2019-05-07,115.6104,1.98
2019-05-08,115.5161,1.99
2019-05-09,115.8414,1.97
2019-05-10,115.5327,2.01
2019-05-13,115.9142,1.97
2019-05-14,115.942,1.97
2019-05-15,115.8561,1.92
2019-05-16,116.0343,1.93
2019-05-17,116.4481,1.91
2019-05-20,116.3126,1.91
2019-05-21,116.2847,1.94
2019-05-22,116.2414,1.9
2019-05-23,116.2369,1.84
2019-05-24,116.0809,1.9
2019-05-28,116.3178,1.88
2019-05-29,116.5533,1.91
2019-05-30,116.3986,1.89
2019-05-31,116.7279,1.9
2019-06-03,116.4777,1.9
2019-06-04,116.0919,1.89
2019-06-05,116.0309,1.91
2019-06-06,115.9788,1.88
2019-06-07,115.7386,1.87
2019-06-10,115.5012,1.86
2019-06-11,115.3803,1.87
2019-06-12,115.4388,1.89
2019-06-13,115.6281,1.85
2019-06-14,115.9059,1.78
2019-06-17,115.9687,1.77
2019-06-18,115.8798,1.79
2019-06-19,115.7891,1.81
2019-06-20,114.8046,1.9
2019-06-21,114.8378,1.86
2019-06-24,114.6568,1.85
2019-06-25,114.6373,1.82
2019-06-26,114.5619,1.84
2019-06-27,114.6663,1.83
2019-06-28,114.5834,1.85
2019-07-01,114.7247,1.85
2019-07-02,114.8268,1.8
2019-07-03,114.8145,1.79
2019-07-05,115.1143,1.83
2019-07-08,115.0263,1.85
2019-07-09,115.1026,1.86
2019-07-10,115.0897,1.89
2019-07-11,114.8375,1.91
2019-07-12,114.7696,1.92
2019-07-15,114.6831,1.93
2019-07-16,115.0124,1.97
2019-07-17,114.8829,1.9
2019-07-18,114.8751,1.98
2019-07-19,114.8702,2.0
2019-07-22,115.0026,1.99
2019-07-23,115.3001,2.01
2019-07-24,115.2441,1.99
2019-07-25,115.2987,2.0
2019-07-26,115.5454,1.99
2019-07-29,115.5896,1.97
2019-07-30,115.6222,1.98
2019-07-31,115.4955,1.96
2019-08-01,116.0509,1.93
2019-08-02,116.1874,1.87
2019-08-05,116.587,1.81
2019-08-06,116.6921,1.84
2019-08-07,116.8003,1.86
2019-08-08,116.4756,1.87
2019-08-09,116.4432,1.88
2019-08-12,116.7567,1.83
2019-08-13,116.7283,1.82
2019-08-14,117.0926,1.78
2019-08-15,117.2247,1.74
2019-08-16,117.0796,1.74
2019-08-19,117.39,1.76
2019-08-20,117.3738,1.72
2019-08-21,117.1778,1.74
2019-08-22,117.357,1.75
2019-08-23,117.3027,1.73
2019-08-26,117.668,1.74
2019-08-27,117.7525,1.74
2019-08-28,117.8792,1.74
2019-08-29,118.0652,1.79
2019-08-30,118.16,1.75
2019-09-03,118.313,1.71
2019-09-04,117.6745,1.71
2019-09-05,117.4791,1.77
2019-09-06,117.1305,1.73
2019-09-09,117.0617,1.76
2019-09-10,117.09,1.8
2019-09-11,117.3138,1.8
2019-09-12,116.8391,1.83
2019-09-13,116.769,1.88
2019-09-16,117.0261,1.86
2019-09-17,116.9839,1.86
2019-09-18,116.9779,1.78
2019-09-19,117.0877,1.81
2019-09-20,117.1835,1.8
2019-09-23,117.3006,1.8
2019-09-24,117.2247,1.77
2019-09-25,117.6549,1.79
2019-09-26,117.729,1.74
2019-09-27,117.7246,1.7
2019-09-30,117.9488,1.71
2019-10-01,117.9621,1.71
2019-10-02,117.9694,1.71
2019-10-03,117.6628,1.71
2019-10-04,117.5306,1.73
2019-10-07,117.5552,1.75
2019-10-08,117.7423,1.71
2019-10-09,117.6854,1.74
2019-10-10,117.282,1.75
2019-10-11,116.8257,1.78
2019-10-15,116.8122,1.79
2019-10-16,116.6438,1.79
2019-10-17,116.2631,1.66
2019-10-18,116.1359,1.68
2019-10-21,116.0453,1.69
2019-10-22,115.9868,1.69
2019-10-23,116.0601,1.7
2019-10-24,116.1291,1.72
2019-10-25,116.0788,1.75
2019-10-28,116.0236,1.75
2019-10-29,115.9811,1.71
2019-10-30,116.1649,1.67
2019-10-31,115.9137,1.64
2019-11-01,115.7324,1.68
2019-11-04,115.8637,1.72
2019-11-05,116.1149,1.78
2019-11-06,116.1012,1.75
2019-11-07,116.1179,1.77
2019-11-08,116.344,1.79
2019-11-12,116.5843,1.8
2019-11-13,116.8404,1.74
2019-11-14,116.8031,1.7
2019-11-15,116.4409,1.74
2019-11-18,116.3634,1.72
2019-11-19,116.5402,1.73
2019-11-20,116.8293,1.69
2019-11-21,116.7447,1.73
2019-11-22,116.9148,1.71
2019-11-25,117.0109,1.71
2019-11-26,117.0529,1.72
2019-11-27,117.1292,1.72
2019-11-29,117.1218,1.72
2019-12-02,116.9664,1.76
2019-12-03,116.8916,1.75
2019-12-04,116.6938,1.78
2019-12-05,116.3857,1.79
2019-12-06,116.5394,1.79
2019-12-09,116.3296,1.79
2019-12-10,116.2557,1.83
2019-12-11,116.1492,1.78
2019-12-12,115.8755,1.82
2019-12-13,115.6976,1.78
2019-12-16,115.5559,1.82
2019-12-17,115.5561,1.85
2019-12-18,115.6627,1.84
2019-12-19,115.5997,1.86
2019-12-20,115.7604,1.87
2019-12-23,115.8066,1.83
2019-12-24,,1.83
2019-12-26,115.6347,1.82
2019-12-27,115.2207,1.82
2019-12-30,114.9639,1.84
2019-12-31,114.6697,1.86
2020-01-02,114.9746,1.88
2020-01-03,114.9862,1.85
2020-01-06,114.9552,1.81
2020-01-07,115.1467,1.81
2020-01-08,115.1318,1.82
2020-01-09,115.2325,1.81
2020-01-10,115.0671,1.85
2020-01-13,115.0337,1.84
2020-01-14,115.0233,1.84
2020-01-15,114.9526,1.83
2020-01-16,114.9999,1.8
2020-01-17,115.0642,1.82
2020-01-21,115.1865,1.82
2020-01-22,115.2264,1.8
2020-01-23,115.5537,1.76
2020-01-24,115.5545,1.74
2020-01-27,115.7994,1.7
2020-01-28,115.7226,1.71
2020-01-29,115.6986,1.7
2020-01-30,115.8065,1.69
2020-01-31,115.7342,1.7
2020-02-03,116.1176,1.7
2020-02-04,115.929,1.7
2020-02-05,116.0082,1.71
2020-02-06,116.1508,1.73
2020-02-07,116.5075,1.71
2020-02-10,116.5701,1.7
2020-02-11,116.3572,1.7
2020-02-12,116.2777,1.68
2020-02-13,116.398,1.69
2020-02-14,116.42,1.68
2020-02-18,116.6016,1.66
2020-02-19,116.7802,1.65
2020-02-20,117.2434,1.63
2020-02-21,117.0456,1.62
2020-02-24,117.401,1.61
2020-02-25,117.2417,1.54
2020-02-26,117.4048,1.58
2020-02-27,117.3686,1.58
2020-02-28,117.6573,1.49
2020-03-02,116.8148,1.5
2020-03-03,116.4958,1.56
2020-03-04,116.7799,1.58
2020-03-05,116.7913,1.52
2020-03-06,116.7132,1.48
2020-03-09,117.1927,1.18
2020-03-10,117.9082,1.23
2020-03-11,118.2564,1.23
2020-03-12,120.4945,1.21
2020-03-13,120.4439,1.27
2020-03-16,120.9417,1.16
2020-03-17,122.4875,1.1
2020-03-18,124.1693,1.1
2020-03-19,125.0662,0.86
2020-03-20,124.9425,1.19
2020-03-23,126.1342,1.23
2020-03-24,125.5092,1.39
2020-03-25,124.7995,1.45
2020-03-26,122.4384,1.42
2020-03-27,122.4097,1.34
2020-03-30,123.2997,1.33
2020-03-31,122.5394,1.25
2020-04-01,123.8033,1.26
2020-04-02,123.5994,1.33
2020-04-03,124.4237,1.38
2020-04-06,124.1692,1.43
2020-04-07,123.1038,1.48
2020-04-08,123.2299,1.51
2020-04-09,122.4834,1.56
2020-04-10,122.1668,
2020-04-13,122.5282,1.58
2020-04-14,122.1204,1.64
2020-04-15,123.084,1.51
2020-04-16,123.4698,1.36
2020-04-17,122.8791,1.35
2020-04-20,123.1121,1.32
2020-04-21,123.9207,1.34
2020-04-22,123.9354,1.43
2020-04-23,123.7645,1.43
2020-04-24,124.172,1.5
2020-04-27,123.8954,1.56
2020-04-28,123.3794,1.52
2020-04-29,122.7877,1.5
2020-04-30,122.3375,1.42
2020-05-01,123.1615,1.44
2020-05-04,123.2224,1.45
2020-05-05,122.8117,1.49
2020-05-06,123.6188,1.49
2020-05-07,123.1339,1.46
2020-05-08,122.5465,1.5
2020-05-11,123.2423,1.51
2020-05-12,123.0694,1.46
2020-05-13,123.5512,1.43
2020-05-14,123.6524,1.41
2020-05-15,123.608,1.43
2020-05-18,122.8055,1.5
2020-05-19,122.5744,1.48
2020-05-20,122.1093,1.49
2020-05-21,122.099,1.47
2020-05-22,122.3278,1.44
2020-05-26,121.3933,1.44
2020-05-27,121.5741,1.46
2020-05-28,121.0207,1.5
2020-05-29,120.953,1.47
2020-06-01,120.2753,1.52
2020-06-02,119.692,1.52
2020-06-03,119.2625,1.54
2020-06-04,119.3094,1.56
2020-06-05,118.8202,1.59
2020-06-08,118.6687,1.58
2020-06-09,118.5967,1.54
2020-06-10,118.5307,1.54
2020-06-11,119.2435,1.47
2020-06-12,119.6719,1.47
2020-06-15,119.9622,1.48
2020-06-16,119.5744,1.52
2020-06-17,119.918,1.51
2020-06-18,120.2252,1.44
2020-06-19,120.226,1.54
2020-06-22,119.7613,1.57
2020-06-23,119.3372,1.62
2020-06-24,119.9834,1.56
2020-06-25,120.3089,1.55
2020-06-26,120.5425,1.53
2020-06-29,120.6757,1.54
2020-06-30,120.4746,1.52
2020-07-01,120.0902,1.57
2020-07-02,119.8648,1.61
2020-07-06,119.2941,1.62
2020-07-07,119.5814,1.6
2020-07-08,119.5625,1.59
2020-07-09,119.5221,1.56
2020-07-10,119.3601,1.57
2020-07-13,119.1984,1.57
2020-07-14,119.3999,1.55
2020-07-15,119.0423,1.54
2020-07-16,118.9368,1.52
2020-07-17,119.134,1.57
2020-07-20,119.0588,1.55
2020-07-21,118.4145,1.56
2020-07-22,118.1446,1.56
2020-07-23,118.0724,1.61
2020-07-24,118.1445,1.67
2020-07-27,117.3982,1.66
2020-07-28,117.3301,1.66
2020-07-29,117.2242,1.68
2020-07-30,117.4133,1.67
2020-07-31,117.2208,1.7
2020-08-03,117.8199,1.7
2020-08-04,117.7962,1.69
2020-08-05,116.8865,1.7
2020-08-06,117.055,1.73
2020-08-07,117.6365,1.72
2020-08-10,117.5946,1.73
2020-08-11,117.3902,1.76
2020-08-12,117.2679,1.78
2020-08-13,117.1313,1.78
2020-08-14,116.9512,1.77
2020-08-17,116.7609,1.78
2020-08-18,116.5722,1.81
2020-08-19,116.5789,1.79
2020-08-20,116.8243,1.76
2020-08-21,117.0682,1.76
2020-08-24,116.9238,1.77
2020-08-25,116.8324,1.8
2020-08-26,116.6358,1.81
2020-08-27,116.6614,1.81
2020-08-28,115.9506,1.86
2020-08-31,115.7717,1.91
2020-09-01,115.5814,1.87
2020-09-02,116.0423,1.85
2020-09-03,116.0799,1.77
2020-09-04,116.0457,1.83
2020-09-08,116.4725,1.81
2020-09-09,116.1396,1.85
2020-09-10,115.8906,1.84
2020-09-11,116.0963,1.77
2020-09-14,115.6523,1.76
2020-09-15,115.5996,1.8
2020-09-16,115.3623,1.79
2020-09-17,115.4476,1.75
2020-09-18,115.248,1.76
2020-09-21,116.3873,1.74
2020-09-22,116.5529,1.74
2020-09-23,117.2631,1.72
2020-09-24,117.5578,1.71
2020-09-25,117.8786,1.73
2020-09-28,117.629,1.74
2020-09-29,117.5379,1.79
2020-09-30,116.957,1.76
2020-10-01,116.7339,1.78
2020-10-02,116.7424,1.8
2020-10-05,116.187,1.84
2020-10-06,116.2781,1.81
2020-10-07,116.3548,1.88
2020-10-08,116.1753,1.88
2020-10-09,115.2843,1.9
2020-10-13,115.9193,1.88
2020-10-14,115.6959,1.86
2020-10-15,116.1046,1.86
2020-10-16,115.7754,1.89
2020-10-19,115.4109,1.89
2020-10-20,115.2558,1.91
2020-10-21,114.9185,1.92
2020-10-22,115.1234,1.84
2020-10-23,115.0198,1.84
2020-10-26,115.2872,1.81
2020-10-27,115.0206,1.78
2020-10-28,115.8099,1.79
2020-10-29,116.3138,1.81
2020-10-30,116.1417,1.81
2020-11-02,116.2425,1.82
2020-11-03,115.4864,1.82
2020-11-04,115.1733,1.72
2020-11-05,114.4615,1.77
2020-11-06,113.9977,1.76
2020-11-09,114.0942,1.83
2020-11-10,114.0802,1.83
2020-11-12,114.2889,1.79
2020-11-13,114.2445,1.8
2020-11-16,113.8356,1.8
2020-11-17,113.6864,1.77
2020-11-18,113.4645,1.77
2020-11-19,113.6982,1.78
2020-11-20,113.4932,1.77
2020-11-23,113.759,1.8
2020-11-24,113.4361,1.83
2020-11-25,113.1871,1.83
2020-11-27,,1.83
2020-11-30,113.2308,1.86
2020-12-01,112.8122,1.9
2020-12-02,112.6174,1.94
2020-12-03,112.0293,1.94
2020-12-04,111.7826,1.95
2020-12-07,111.8431,1.92
2020-12-08,111.8684,1.94
2020-12-09,112.0353,1.98
2020-12-10,111.9839,1.93
2020-12-11,112.1469,1.92
2020-12-14,112.177,1.92
2020-12-15,111.866,1.96
2020-12-16,111.7215,1.94
2020-12-17,111.2286,1.98
2020-12-18,111.6136,1.98
2020-12-21,111.9477,2.0
2020-12-22,112.201,1.96
2020-12-23,111.9873,2.01
2020-12-24,,2.02
2020-12-28,111.9821,2.02
2020-12-29,111.524,2.02
2020-12-30,111.3156,2.0
2020-12-31,111.324,2.03
2021-01-04,111.2143,2.04
2021-01-05,110.9649,2.05
2021-01-06,110.8573,2.08
2021-01-07,111.3124,2.09
2021-01-08,111.293,2.05
2021-01-11,111.8342,2.08
2021-01-12,111.5584,2.1
2021-01-13,111.3702,2.08
2021-01-14,111.1639,2.09
2021-01-15,111.5168,2.11
2021-01-19,111.4591,2.08
2021-01-20,,2.09
2021-01-21,111.2044,2.02
2021-01-22,111.5602,2.02
2021-01-25,111.8767,2.01
2021-01-26,111.6661,2.01
2021-01-27,112.0876,2.01
2021-01-28,112.015,2.08
2021-01-29,111.9604,2.05
2021-02-01,112.4282,2.04
2021-02-02,112.2937,2.07
2021-02-03,112.2648,2.11
2021-02-04,112.756,2.09
2021-02-05,112.2463,2.14
2021-02-08,112.0512,2.13
2021-02-09,111.7768,2.13
2021-02-10,111.5929,2.11
2021-02-11,111.5364,2.08
2021-02-12,111.4981,2.07
2021-02-16,111.7984,2.11
2021-02-17,112.03,2.07
2021-02-18,112.1718,2.03
2021-02-19,111.7179,1.99
2021-02-22,111.9316,1.97
2021-02-23,111.911,1.97
2021-02-24,111.7339,1.96
2021-02-25,111.9402,1.94
2021-02-26,112.8433,1.91
2021-03-01,112.538,1.92
2021-03-02,112.5472,1.97
2021-03-03,112.7761,1.97
2021-03-04,112.717,1.97
2021-03-05,113.7626,2.01
2021-03-08,114.2824,2.0
2021-03-09,113.9431,2.01
2021-03-10,113.6015,2.05
2021-03-11,112.9345,2.05
2021-03-12,113.0403,2.01
2021-03-15,113.2065,2.0
2021-03-16,112.997,2.01
2021-03-17,113.1726,2.02
2021-03-18,112.7872,2.04
2021-03-19,112.9877,2.11
2021-03-22,113.0154,2.15
2021-03-23,113.3038,2.1
2021-03-24,113.669,2.09
2021-03-25,114.014,2.1
2021-03-26,113.7532,2.11
2021-03-29,113.9447,2.16
2021-03-30,114.2152,2.18
2021-03-31,113.8351,2.2
2021-04-01,113.7504,2.15
2021-04-02,113.7429,2.14
2021-04-05,113.406,2.15
2021-04-06,113.1575,2.12
2021-04-07,113.254,2.15
2021-04-08,113.1015,2.11
2021-04-09,113.2132,2.11
2021-04-12,113.1916,2.14
2021-04-13,113.0489,2.12
2021-04-14,112.7951,2.1
2021-04-15,112.6274,2.11
2021-04-16,112.4913,2.15
2021-04-19,112.1929,2.12
2021-04-20,112.2444,2.12
2021-04-21,112.1862,2.13
2021-04-22,112.2385,2.24
2021-04-23,112.0981,2.24
2021-04-26,111.8207,2.25
2021-04-27,111.9203,2.27
2021-04-28,111.8015,2.28
2021-04-29,111.7583,2.28
2021-04-30,112.0959,2.25
2021-05-03,112.0176,2.24
2021-05-04,112.3021,2.22
2021-05-05,112.1639,2.26
2021-05-06,111.8525,2.24
2021-05-07,111.0372,2.33
2021-05-10,110.803,2.37
2021-05-11,110.904,2.38
2021-05-12,111.5762,2.36
2021-05-13,111.6079,2.37
2021-05-14,111.1476,2.34
2021-05-17,111.0913,2.36
2021-05-18,110.8446,2.32
2021-05-19,110.8933,2.3
2021-05-20,110.8741,2.23
2021-05-21,111.0714,2.24
2021-05-24,110.9254,2.24
2021-05-25,110.8557,2.21
2021-05-26,110.8814,2.2
2021-05-27,110.8829,2.25
2021-05-28,110.7711,2.27
2021-06-01,110.5179,2.32
2021-06-02,110.5924,2.29
2021-06-03,111.1905,2.28
2021-06-04,110.7645,2.26
2021-06-07,110.5275,2.27
2021-06-08,110.6608,2.25
2021-06-09,110.582,2.23
2021-06-10,110.557,2.23
2021-06-11,111.1052,2.21
2021-06-14,110.9779,2.28
2021-06-15,111.3634,2.3
2021-06-16,111.1287,2.23
2021-06-17,112.5881,2.23
2021-06-18,113.0517,2.11
2021-06-21,112.8506,2.09
2021-06-22,112.929,2.16
2021-06-23,112.3931,2.19
2021-06-24,112.3357,2.15
2021-06-25,111.9742,2.22
2021-06-28,112.033,2.21
2021-06-29,112.2692,2.18
2021-06-30,112.5613,2.17
2021-07-01,112.7484,2.21
2021-07-02,112.5507,2.17
2021-07-06,112.9602,2.14
2021-07-07,113.1136,2.13
2021-07-08,113.0863,2.06
2021-07-09,112.8468,2.12
2021-07-12,112.7701,2.18
2021-07-13,113.0153,2.16
2021-07-14,112.8885,2.15
2021-07-15,113.0122,2.11
2021-07-16,113.0504,2.14
2021-07-19,113.5547,2.07
2021-07-20,113.7582,2.12
2021-07-21,113.4018,2.11
2021-07-22,113.4788,2.1
2021-07-23,113.4486,2.17
2021-07-26,113.2335,2.21
2021-07-27,113.2321,2.21
2021-07-28,113.1899,2.25
2021-07-29,112.4927,2.28
2021-07-30,112.6808,2.24
2021-08-02,112.6784,2.23
2021-08-03,112.8331,2.25
2021-08-04,112.906,2.2
2021-08-05,112.778,2.2
2021-08-06,113.3192,2.24
2021-08-09,113.4625,2.24
2021-08-10,113.5072,2.27
2021-08-11,113.2917,2.29
2021-08-12,113.278,2.27
2021-08-13,113.0708,2.22
2021-08-16,113.179,2.22
2021-08-17,113.6263,2.17
2021-08-18,113.705,2.16
2021-08-19,114.1195,2.11
2021-08-20,114.5108,2.14
2021-08-23,113.9526,2.11
2021-08-24,113.6899,2.15
2021-08-25,113.6424,2.19
2021-08-26,113.7986,2.16
2021-08-27,113.3511,2.25
2021-08-30,113.256,2.23
2021-08-31,113.1175,2.18
2021-09-01,112.8832,2.2
2021-09-02,112.7966,2.17
2021-09-03,112.558,2.2
2021-09-07,112.9892,2.21
2021-09-08,113.2414,2.23
2021-09-09,113.053,2.21
2021-09-10,112.9519,2.25
2021-09-13,113.0432,2.21
2021-09-14,113.0151,2.17
2021-09-15,112.9862,2.19
2021-09-16,113.3122,2.17
2021-09-17,113.6074,2.15
2021-09-20,113.9511,2.15
2021-09-21,113.8266,2.14
2021-09-22,113.631,2.15
2021-09-23,113.5224,2.14
2021-09-24,113.7694,2.21
2021-09-27,113.7532,2.2
2021-09-28,114.2571,2.23
2021-09-29,114.7191,2.22
2021-09-30,114.6504,2.23
2021-10-01,114.3899,2.25
2021-10-04,114.2847,2.23
2021-10-05,114.3767,2.31
2021-10-06,114.7292,2.29
2021-10-07,114.5156,2.31
2021-10-08,114.6108,2.36
2021-10-12,114.7667,2.34
2021-10-13,114.4827,2.36
2021-10-14,114.2181,2.35
2021-10-15,114.1033,2.41
2021-10-18,114.0022,2.37
2021-10-19,113.6595,2.37
2021-10-20,113.521,2.37
2021-10-21,113.6322,2.34
2021-10-22,113.6828,2.37
2021-10-25,113.6172,2.37
2021-10-26,113.6863,2.39
2021-10-27,113.6342,2.34
2021-10-28,113.453,2.24
2021-10-29,114.149,2.13
2021-11-01,114.2231,2.14
2021-11-02,114.2997,2.18
2021-11-03,114.3754,2.2
2021-11-04,114.37,2.24
2021-11-05,114.0865,2.21
2021-11-08,113.8391,2.3
2021-11-09,113.7746,2.3
2021-11-10,114.1611,2.32
2021-11-12,114.5263,2.35
2021-11-15,114.6003,2.35
2021-11-16,115.149,2.29
2021-11-17,115.039,2.26
2021-11-18,115.0811,2.35
2021-11-19,115.2318,2.28
2021-11-22,115.6615,2.24
2021-11-23,116.026,2.24
2021-11-24,116.2855,2.19
2021-11-26,116.5259,2.18
2021-11-29,116.596,2.17
2021-11-30,116.2206,2.2
2021-12-01,115.9026,2.18
2021-12-02,116.0313,2.21
2021-12-03,116.2511,2.14
2021-12-06,116.1663,2.09
2021-12-07,115.8676,2.1
2021-12-08,115.4541,2.16
2021-12-09,115.7904,2.14
2021-12-10,115.5852,2.12
2021-12-13,115.8538,2.07
2021-12-14,116.252,2.08
2021-12-15,116.4342,2.11
2021-12-16,115.7267,2.14
2021-12-17,115.8022,2.11
2021-12-20,116.0206,2.13
2021-12-21,116.1208,2.19
2021-12-22,115.7612,2.24
2021-12-23,115.5469,2.22
2021-12-27,115.4821,2.25
2021-12-28,115.4327,2.22
2021-12-29,115.3819,2.23
2021-12-30,115.2969,2.3
2021-12-31,,2.25
2022-01-03,115.4243,2.25
2022-01-04,115.3263,2.21
2022-01-05,115.1524,2.19
2022-01-06,115.4189,2.15
2022-01-07,115.0596,2.18
2022-01-10,115.235,2.19
2022-01-11,114.8467,2.21
2022-01-12,114.3713,2.14
2022-01-13,114.1934,2.09
2022-01-14,114.3968,2.09
2022-01-18,114.7513,2.12
2022-01-19,114.6254,2.07
2022-01-20,114.4779,1.92
2022-01-21,114.6261,1.98
2022-01-24,115.2165,2.02
2022-01-25,115.1779,2.04
2022-01-26,115.1044,2.01
2022-01-27,115.9874,2.04
2022-01-28,116.049,2.08
2022-01-31,115.5742,2.06
2022-02-01,115.3775,2.06
2022-02-02,115.1643,2.03
2022-02-03,114.9175,2.0
2022-02-04,115.1473,2.04
2022-02-07,115.0209,2.05
2022-02-08,115.0999,2.07
2022-02-09,114.8329,2.06
2022-02-10,114.5618,2.09
2022-02-11,114.8489,2.04
2022-02-14,115.2008,2.05
2022-02-15,114.9357,2.07
2022-02-16,114.6954,2.05
2022-02-17,114.682,1.99
2022-02-18,114.8036,1.96
2022-02-22,114.7054,2.01
2022-02-23,114.6718,2.05
2022-02-24,115.9478,2.05
2022-02-25,115.2633,2.06
2022-02-28,115.2317,2.13
2022-03-01,115.8062,2.1
2022-03-02,115.7727,2.19
2022-03-03,115.9592,2.21
2022-03-04,116.661,2.15
2022-03-07,117.3406,2.25
2022-03-08,117.6281,2.37
2022-03-09,116.6057,2.35
2022-03-10,116.75,2.3
2022-03-11,117.0294,2.36
2022-03-14,117.1594,2.36
2022-03-15,117.2533,2.26
2022-03-16,116.8135,2.26
2022-03-17,116.0544,2.31
2022-03-18,116.1447,2.24
2022-03-21,115.9467,2.28
2022-03-22,116.0888,2.3
2022-03-23,116.0101,2.31
2022-03-24,115.9651,2.27
2022-03-25,115.7953,2.31
2022-03-28,116.1953,2.34
2022-03-29,115.572,2.32
2022-03-30,115.0857,2.31
2022-03-31,115.2254,2.34
2022-04-01,115.4835,2.32
2022-04-04,115.4121,2.32
2022-04-05,115.7328,2.37
2022-04-06,116.002,2.38
2022-04-07,116.3541,2.38
2022-04-08,116.42,2.41
2022-04-11,116.5423,2.45
2022-04-12,116.387,2.41
2022-04-13,116.2793,2.35
2022-04-14,116.7552,2.45
2022-04-15,116.7011,
2022-04-18,116.8427,2.48
2022-04-19,117.1322,2.5
2022-04-20,116.7325,2.48
2022-04-21,117.1454,2.67
2022-04-22,118.0205,2.59
2022-04-25,118.6298,2.55
2022-04-26,118.9658,2.45
2022-04-27,119.472,2.48
2022-04-28,120.0703,2.55
2022-04-29,119.4936,2.46
2022-05-02,119.8827,2.41
2022-05-03,119.7037,2.45
2022-05-04,119.5567,2.48
2022-05-05,120.0043,2.51
2022-05-06,119.8544,2.5
2022-05-09,120.4949,2.44
2022-05-10,120.7716,2.38
2022-05-11,120.3896,2.4
2022-05-12,121.273,2.29
2022-05-13,120.8379,2.35
2022-05-16,120.6812,2.32
2022-05-17,119.8816,2.34
2022-05-18,120.022,2.39
2022-05-19,119.4244,2.21
2022-05-20,119.3617,2.22
2022-05-23,118.712,2.28
2022-05-24,118.6208,2.23
2022-05-25,118.9561,2.24
2022-05-26,118.7671,2.28
2022-05-27,118.2796,2.31
2022-05-31,118.0689,2.32
2022-06-01,118.6936,2.34
2022-06-02,118.0642,2.35
2022-06-03,118.2138,2.44
2022-06-06,118.3053,2.47
2022-06-07,118.4401,2.43
2022-06-08,118.3944,2.44
2022-06-09,118.9193,2.42
2022-06-10,119.9942,2.39
2022-06-13,121.1517,2.37
2022-06-14,121.6668,2.32
2022-06-15,121.6382,2.4
2022-06-16,120.6755,2.37
2022-06-17,121.2389,2.36
2022-06-21,120.646,2.38
2022-06-22,120.5232,2.34
2022-06-23,120.7646,2.31
2022-06-24,120.4897,2.3
2022-06-27,120.1789,2.31
2022-06-28,120.6254,2.23
2022-06-29,120.9689,2.13
2022-06-30,120.9718,2.08
2022-07-01,121.5123,2.08
2022-07-05,122.6276,2.09
2022-07-06,123.0165,2.1
2022-07-07,122.7336,2.13
2022-07-08,122.4724,2.12
2022-07-11,123.3062,2.08
2022-07-12,123.4612,2.14
2022-07-13,123.293,2.11
2022-07-14,124.0717,2.14
2022-07-15,123.4842,2.13
2022-07-18,122.78,2.11
2022-07-19,122.4922,2.11
2022-07-20,122.6096,2.09
2022-07-21,122.9169,2.11
2022-07-22,122.4643,2.12
2022-07-25,122.4721,2.14
2022-07-26,122.7698,2.16
2022-07-27,122.8281,2.23
2022-07-28,122.1267,2.29
2022-07-29,121.7793,2.33
2022-08-01,121.4218,2.3
2022-08-02,121.9609,2.27
2022-08-03,122.4002,2.28
2022-08-04,121.8436,2.28
2022-08-05,122.33,2.28
2022-08-08,121.8887,2.31
2022-08-09,121.8719,2.28
2022-08-10,120.7648,2.25
2022-08-11,120.7281,2.27
2022-08-12,121.0272,2.27
2022-08-15,121.4382,2.26
2022-08-16,121.6889,2.27
2022-08-17,122.0802,2.27
2022-08-18,122.3722,2.34
2022-08-19,123.0596,2.38
2022-08-22,123.6123,2.4
2022-08-23,123.0617,2.39
2022-08-24,123.1136,2.45
2022-08-25,123.0645,2.43
2022-08-26,123.0709,2.41
2022-08-29,123.4739,2.45
2022-08-30,123.6893,2.43
2022-08-31,123.5407,2.38
2022-09-01,124.4045,2.38
2022-09-02,123.7771,2.39
2022-09-06,124.7719,2.4
2022-09-07,124.8457,2.39
2022-09-08,124.584,2.36
2022-09-09,123.7954,2.33
2022-09-12,123.3441,2.32
2022-09-13,124.4342,2.32
2022-09-14,124.4593,2.3
2022-09-15,124.8944,2.29
2022-09-16,124.8879,2.27
2022-09-19,125.0177,2.24
2022-09-20,125.1324,2.32
2022-09-21,125.7464,2.29
2022-09-22,126.1668,2.37
2022-09-23,127.2867,2.36
2022-09-26,128.4544,2.31
2022-09-27,128.4399,2.31
2022-09-28,128.0937,2.29
2022-09-29,127.5463,2.2
2022-09-30,127.5159,2.16
2022-10-03,127.0793,2.22
2022-10-04,126.184,2.2
2022-10-05,126.863,2.18
2022-10-06,127.2481,2.15
2022-10-07,127.3093,2.18
2022-10-11,127.6614,2.26
2022-10-12,128.1456,2.26
2022-10-13,127.7276,2.3
2022-10-14,128.3303,2.38
2022-10-17,127.6478,2.42
2022-10-18,127.9184,2.4
2022-10-19,128.3992,2.38
2022-10-20,128.0084,2.37
2022-10-21,127.6758,2.35
2022-10-24,128.0351,2.46
2022-10-25,127.384,2.4
2022-10-26,126.481,2.32
2022-10-27,126.7102,2.33
2022-10-28,127.2196,2.4
2022-10-31,127.6272,2.37
2022-11-01,127.4011,2.37
2022-11-02,127.3138,2.38
2022-11-03,128.1712,2.26
2022-11-04,127.149,2.35
2022-11-07,126.3098,2.39
2022-11-08,125.64,2.39
2022-11-09,125.9926,2.31
2022-11-10,124.7142,2.31
2022-11-14,123.4425,2.32
2022-11-15,123.0534,2.3
2022-11-16,123.2964,2.23
2022-11-17,123.9929,2.24
2022-11-18,123.8678,2.22
2022-11-21,124.7143,2.28
2022-11-22,124.251,2.29
2022-11-23,123.7739,2.31
2022-11-25,123.3547,2.3
2022-11-28,123.6181,2.23
2022-11-29,123.6703,2.2
2022-11-30,123.5276,2.27
2022-12-01,122.0147,2.27
2022-12-02,122.0218,2.35
2022-12-05,122.6511,2.32
2022-12-06,123.0319,2.24
2022-12-07,122.7716,2.19
2022-12-08,122.4275,2.2
2022-12-09,122.4343,2.22
2022-12-12,122.7861,2.21
2022-12-13,121.8644,2.17
2022-12-14,121.8391,2.13
2022-12-15,122.5684,2.11
2022-12-16,122.6647,2.12
2022-12-19,122.5438,2.11
2022-12-20,122.1502,2.22
2022-12-21,122.2965,2.23
2022-12-22,122.2525,2.14
2022-12-23,121.9843,2.11
2022-12-27,121.767,2.19
2022-12-28,122.02,2.23
2022-12-29,121.6713,2.22
2022-12-30,121.4392,2.27
2023-01-03,122.0844,2.23
2023-01-04,121.5108,2.23
2023-01-05,122.0786,2.22
2023-01-06,121.0814,2.24
2023-01-09,120.1403,2.26
2023-01-10,120.234,2.28
2023-01-11,120.1445,2.25
2023-01-12,119.4108,2.21
2023-01-13,119.1422,2.16
2023-01-17,119.2186,2.16
2023-01-18,119.08,2.15
2023-01-19,119.6033,2.19
2023-01-20,119.3588,2.23
2023-01-23,119.1671,2.28
2023-01-24,119.1174,2.25
2023-01-25,118.995,2.3
2023-01-26,119.0472,2.34
2023-01-27,118.9521,2.33
2023-01-30,118.9079,2.28
2023-01-31,118.991,2.21
2023-02-01,118.6396,2.21
2023-02-02,118.349,2.18
2023-02-03,119.5014,2.17
2023-02-06,120.5116,2.17
2023-02-07,120.3298,2.22
2023-02-08,120.139,2.22
2023-02-09,119.9785,2.21
2023-02-10,120.1531,2.19
2023-02-13,120.0145,2.18
2023-02-14,119.9601,2.17
2023-02-15,120.4926,2.19
2023-02-16,120.5069,2.22
2023-02-17,120.6023,2.22
2023-02-21,120.678,2.26
2023-02-22,120.8969,2.3
2023-02-23,121.141,2.28
2023-02-24,121.6297,2.29
2023-02-27,121.4656,2.23
2023-02-28,121.4062,2.28
2023-03-01,120.6971,2.29
2023-03-02,121.1949,2.31
2023-03-03,120.8468,2.33
2023-03-06,120.5776,2.28
2023-03-07,121.531,2.22
2023-03-08,121.5222,2.17
2023-03-09,121.5225,2.17
2023-03-10,121.2963,2.18
2023-03-13,120.9157,2.22
2023-03-14,121.052,2.27
2023-03-15,122.1149,2.25
2023-03-16,121.751,2.18
2023-03-17,121.5923,2.1
2023-03-20,121.0637,2.14
2023-03-21,120.9535,2.21
2023-03-22,120.6883,2.25
2023-03-23,119.8174,2.12
2023-03-24,120.5106,2.23
2023-03-27,120.3239,2.21
2023-03-28,119.7987,2.28
2023-03-29,119.8223,2.28
2023-03-30,119.5103,2.28
2023-03-31,119.4611,2.24
2023-04-03,119.4342,2.19
2023-04-04,119.2641,2.18
2023-04-05,119.4068,2.17
2023-04-06,119.4229,2.17
2023-04-07,119.4673,2.17
2023-04-10,119.8962,2.2
2023-04-11,119.6409,2.22
2023-04-12,119.1341,2.25
2023-04-13,118.5376,2.29
2023-04-14,118.983,2.29
2023-04-17,119.3981,2.29
2023-04-18,119.2345,2.23
2023-04-19,119.4377,2.23
2023-04-20,119.2525,2.24
2023-04-21,119.4472,2.26
2023-04-24,119.3486,2.23
2023-04-25,119.7551,2.24
2023-04-26,119.4758,2.24
2023-04-27,119.5754,2.25
2023-04-28,119.376,2.16
2023-05-01,119.5845,2.22
2023-05-02,119.7514,2.22
2023-05-03,119.2773,2.21
2023-05-04,119.19,2.25
2023-05-05,118.7184,2.23
2023-05-08,118.7415,2.24
2023-05-09,118.984,2.24
2023-05-10,118.7561,2.21
2023-05-11,119.1902,2.22
2023-05-12,119.5206,2.25
2023-05-15,119.3288,2.26
2023-05-16,119.3567,2.27
2023-05-17,119.7849,2.28
2023-05-18,120.2642,2.3
2023-05-19,119.9479,2.29
2023-05-22,120.2609,2.3
2023-05-23,120.4913,2.31
2023-05-24,120.6481,2.36
2023-05-25,121.0126,2.38
2023-05-26,120.8022,2.33
2023-05-30,120.7387,2.32
2023-05-31,121.1527,2.29
2023-06-01,120.2628,2.25
2023-06-02,120.2102,2.23
2023-06-05,120.2175,2.23
2023-06-06,120.1906,2.26
2023-06-07,120.0893,2.27
2023-06-08,119.8069,2.26
2023-06-09,119.6781,2.27
2023-06-12,119.889,2.25
2023-06-13,119.4641,2.28
2023-06-14,119.0646,2.27
2023-06-15,118.8447,2.26
2023-06-16,118.7168,2.27
2023-06-20,119.2458,2.3
2023-06-21,119.0438,2.27
2023-06-22,119.074,2.3
2023-06-23,119.4584,2.26
2023-06-26,119.4123,2.23
2023-06-27,119.235,2.28
2023-06-28,119.6759,2.24
2023-06-29,119.8659,2.25
2023-06-30,119.7118,2.26
2023-07-03,119.5618,2.29
2023-07-05,119.6971,2.32
2023-07-06,120.1579,2.32
2023-07-07,119.4293,2.32
2023-07-10,119.3179,2.31
2023-07-11,119.0891,2.32
2023-07-12,118.0104,2.34
2023-07-13,117.5569,2.32
2023-07-14,117.4209,2.33
2023-07-17,117.5139,2.34
2023-07-18,117.4145,2.33
2023-07-19,117.745,2.31
2023-07-20,117.9615,2.49
2023-07-21,118.3072,2.47
2023-07-24,118.1812,2.48
2023-07-25,118.1978,2.52
2023-07-26,118.1097,2.48
2023-07-27,118.2497,2.47
2023-07-28,118.1429,2.48
2023-07-31,118.1738,2.47
2023-08-01,118.9156,2.48
2023-08-02,119.4622,2.47
2023-08-03,119.7123,2.5
2023-08-04,119.1684,2.5
2023-08-07,119.4297,2.53
2023-08-08,119.987,2.48
2023-08-09,119.8273,2.45
2023-08-10,119.5248,2.41
2023-08-11,119.9929,2.42
2023-08-14,120.4451,2.43
2023-08-15,120.5927,2.4
2023-08-16,120.7308,2.41
2023-08-17,120.8924,2.42
2023-08-18,120.7937,2.42
2023-08-21,120.8271,2.43
2023-08-22,120.7274,2.43
2023-08-23,120.4036,2.44
2023-08-24,120.5987,2.4
2023-08-25,120.8752,2.41
2023-08-28,120.687,2.39
2023-08-29,120.6383,2.4
2023-08-30,120.187,2.36
2023-08-31,120.5882,2.33
2023-09-01,121.1011,2.35
2023-09-05,121.7785,2.37
2023-09-06,122.2029,2.37
2023-09-07,122.2903,2.4
2023-09-08,122.2933,2.4
2023-09-11,121.6757,2.44
2023-09-12,121.6301,2.41
2023-09-13,121.3981,2.42
2023-09-14,121.5744,2.41
2023-09-15,121.5361,2.43
2023-09-18,121.5414,2.43
2023-09-19,121.5175,2.44
2023-09-20,121.32,2.43
2023-09-21,121.8972,2.47
2023-09-22,121.8735,2.45
2023-09-25,122.4445,2.49
2023-09-26,122.795,2.46
2023-09-27,123.2947,2.45
2023-09-28,122.8562,2.51
2023-09-29,122.6332,2.48
2023-10-02,123.3573,2.47
2023-10-03,124.0624,2.51
2023-10-04,123.8848,2.48
2023-10-05,124.1752,2.48
2023-10-06,123.6561,2.45
2023-10-10,123.2437,2.46
2023-10-11,123.092,2.44
2023-10-12,123.5087,2.45
2023-10-13,123.8788,2.42
2023-10-16,123.621,2.46
2023-10-17,123.4334,2.5
2023-10-18,124.1001,2.53
2023-10-19,124.0861,2.46
2023-10-20,123.9049,2.47
2023-10-23,123.5935,2.41
2023-10-24,123.9249,2.42
2023-10-25,124.069,2.46
2023-10-26,124.285,2.47
2023-10-27,123.9145,2.45
2023-10-30,123.7044,2.48
2023-10-31,124.1229,2.44
2023-11-01,124.0801,2.46
2023-11-02,123.1995,2.45
2023-11-03,122.1006,2.46
2023-11-06,121.9692,2.49
2023-11-07,122.3882,2.46
2023-11-08,122.4055,2.39
2023-11-09,122.4434,2.36
2023-11-10,,2.36
2023-11-13,122.7389,2.33
2023-11-14,121.6865,2.33
2023-11-15,121.4035,2.38
2023-11-16,121.4953,2.34
2023-11-17,121.1657,2.33
2023-11-20,120.5653,2.34
2023-11-21,120.5182,2.31
2023-11-22,120.9757,2.31
2023-11-24,120.5285,2.31
2023-11-27,120.4893,2.3
2023-11-28,119.9174,2.29
2023-11-29,120.1246,2.28
2023-11-30,120.5421,2.31
2023-12-01,120.2542,2.32
2023-12-04,120.7669,2.29
2023-12-05,121.0731,2.25
2023-12-06,120.8348,2.23
2023-12-07,120.8938,2.28
2023-12-08,121.0499,2.31
2023-12-11,121.2212,2.27
2023-12-12,120.9825,2.24
2023-12-13,121.4667,2.24
2023-12-14,119.8952,2.26
2023-12-15,120.062,2.27
2023-12-18,120.2386,2.24
2023-12-19,119.8116,2.21
2023-12-20,119.8872,2.22
2023-12-21,119.6721,2.2
2023-12-22,119.4214,2.22
2023-12-26,119.2551,2.19
2023-12-27,118.8525,2.18
2023-12-28,118.762,2.21
2023-12-29,118.7686,2.2
2024-01-02,119.6165,2.25
2024-01-03,120.0407,2.23
2024-01-04,119.9775,2.26
2024-01-05,119.7474,2.25
2024-01-08,119.6237,2.25
2024-01-09,120.0296,2.27
2024-01-10,120.1258,2.26
2024-01-11,120.2516,2.26
2024-01-12,119.9009,2.32
2024-01-16,120.9213,2.36
2024-01-17,121.3823,2.36
2024-01-18,121.2366,2.4
2024-01-19,120.9947,2.38
2024-01-22,120.9687,2.35
2024-01-23,121.4244,2.32
2024-01-24,120.8336,2.37
2024-01-25,121.167,2.34
2024-01-26,120.9665,2.34
2024-01-29,121.1888,2.34
2024-01-30,120.9442,2.27
2024-01-31,120.7727,2.28
2024-02-01,120.6832,2.21
2024-02-02,121.2438,2.23
2024-02-05,121.6831,2.28
2024-02-06,121.3021,2.24
2024-02-07,121.2518,2.2
2024-02-08,121.4226,2.2
2024-02-09,121.3851,2.22
2024-02-12,121.2839,2.21
2024-02-13,121.8558,2.25
2024-02-14,121.7411,2.26
2024-02-15,121.5567,2.25
2024-02-16,121.4984,2.28
2024-02-20,121.3769,2.27
2024-02-21,121.3918,2.29
2024-02-22,121.4589,2.25
2024-02-23,121.3991,2.26
2024-02-26,121.4197,2.26
2024-02-27,121.3297,2.26
2024-02-28,121.4886,2.28
2024-02-29,121.5385,2.26
2024-03-01,121.3741,2.24
2024-03-04,121.2454,2.26
2024-03-05,121.2575,2.25
2024-03-06,120.8481,2.22
2024-03-07,120.5744,2.22
2024-03-08,120.3612,2.22
2024-03-11,120.4205,2.22
2024-03-12,120.5468,2.25
2024-03-13,120.3533,2.23
2024-03-14,120.6272,2.23
2024-03-15,120.7884,2.25
2024-03-18,120.9572,2.23
2024-03-19,121.3111,2.22
2024-03-20,121.3092,2.22
2024-03-21,121.1869,2.25
2024-03-22,121.5694,2.29
2024-03-25,121.4143,2.25
2024-03-26,121.4613,2.26
2024-03-27,121.4048,2.27
2024-03-28,121.4498,2.26
2024-03-29,121.4062,
2024-04-01,121.8884,2.29
2024-04-02,121.6881,2.28
2024-04-03,121.4129,2.29
2024-04-04,121.1646,2.26
2024-04-05,121.3671,2.29
2024-04-08,121.1487,2.29
2024-04-09,121.1215,2.28
2024-04-10,121.9628,2.31
2024-04-11,122.003,2.32
2024-04-12,122.6566,2.31
2024-04-15,122.7932,2.34
2024-04-16,123.4732,2.34
2024-04-17,123.375,2.31
2024-04-18,123.3481,2.36
2024-04-19,123.4459,2.38
2024-04-22,123.4011,2.37
2024-04-23,123.0779,2.38
2024-04-24,123.2398,2.4
2024-04-25,123.1916,2.41
2024-04-26,123.3004,2.42
2024-04-29,122.9074,2.39
2024-04-30,123.3446,2.39
2024-05-01,123.3776,2.37
2024-05-02,122.8047,2.37
2024-05-03,122.5056,2.35
2024-05-06,122.2529,2.36
2024-05-07,122.4588,2.32
2024-05-08,122.5562,2.31
2024-05-09,122.5322,2.3
2024-05-10,122.3898,2.34
2024-05-13,122.4068,2.33
2024-05-14,122.3094,2.34
2024-05-15,121.7471,2.33
2024-05-16,121.6189,2.32
2024-05-17,121.638,2.32
2024-05-20,121.6377,2.33
2024-05-21,121.7864,2.31
2024-05-22,121.9514,2.33
2024-05-23,122.1493,2.29
2024-05-24,122.0215,2.31
2024-05-28,121.8382,2.35
2024-05-29,122.5535,2.36
2024-05-30,122.356,2.37
2024-05-31,122.4845,2.36
2024-06-03,122.7156,2.35
2024-06-04,123.0715,2.34
2024-06-05,122.9014,2.33
2024-06-06,122.7416,2.31
2024-06-07,123.8707,2.32
2024-06-10,124.2232,2.35
2024-06-11,124.345,2.29
2024-06-12,124.1411,2.27
2024-06-13,124.3287,2.28
2024-06-14,124.4755,2.23
2024-06-17,124.5427,2.28
2024-06-18,124.2835,2.25
2024-06-20,124.496,2.29
2024-06-21,124.4247,2.27
2024-06-24,124.0379,2.26
2024-06-25,124.26,2.27
2024-06-26,124.5696,2.32
2024-06-27,124.6406,2.3
2024-06-28,124.5172,2.32
2024-07-01,124.7723,2.35
2024-07-02,124.608,2.34
2024-07-03,124.1096,2.31
2024-07-05,123.8192,2.34
2024-07-08,123.706,2.32
2024-07-09,123.7559,2.31
2024-07-10,123.5508,2.32
2024-07-11,123.1267,2.32
2024-07-12,122.8093,2.33
2024-07-15,123.0059,2.34
2024-07-16,123.1024,2.32
2024-07-17,122.892,2.33
2024-07-18,123.1548,2.43
2024-07-19,123.5033,2.46
2024-07-22,123.5735,2.42
2024-07-23,123.7296,2.41
2024-07-24,123.8784,2.43
2024-07-25,123.8341,2.43
2024-07-26,123.9862,2.41
2024-07-29,124.4412,2.37
2024-07-30,124.576,2.38
2024-07-31,123.9223,2.35
2024-08-01,124.1551,2.34
2024-08-02,123.7169,2.19
2024-08-05,123.7919,2.23
2024-08-06,123.8794,2.28
2024-08-07,123.8126,2.25
2024-08-08,123.6961,2.26
2024-08-09,123.1964,2.24
2024-08-12,123.4942,2.24
2024-08-13,123.2819,2.22
2024-08-14,122.7057,2.19
2024-08-15,122.8791,2.25
2024-08-16,122.6944,2.19
2024-08-19,122.1762,2.2
2024-08-20,122.0677,2.19
2024-08-21,122.1407,2.2
2024-08-22,122.6371,2.24
2024-08-23,121.7525,2.25
2024-08-26,121.9678,2.28
2024-08-27,122.1318,2.28
2024-08-28,122.1586,2.31
2024-08-29,122.4706,2.31
2024-08-30,122.5582,2.29
2024-09-03,123.0052,2.27
2024-09-04,122.7434,2.24
2024-09-05,122.6747,2.19
2024-09-06,122.7145,2.2
2024-09-09,122.9408,2.2
2024-09-10,123.2266,2.18
2024-09-11,123.0007,2.18
2024-09-12,122.684,2.17
2024-09-13,121.9128,2.21
2024-09-16,121.7684,2.24
2024-09-17,121.8724,2.27
2024-09-18,121.8295,2.26
2024-09-19,121.5773,2.3
2024-09-20,121.6673,2.28
2024-09-23,121.687,2.3
2024-09-24,121.3868,2.32
2024-09-25,121.6868,2.3
2024-09-26,121.3274,2.29
2024-09-27,121.356,2.27
2024-09-30,121.5298,2.29
2024-10-01,121.9152,2.31
2024-10-02,121.8154,2.32
2024-10-03,122.3469,2.31
2024-10-04,122.4533,2.32
2024-10-07,122.6545,2.37
2024-10-08,122.9111,2.37
2024-10-09,123.1373,2.37
2024-10-10,123.3431,2.4
2024-10-11,123.2275,2.41
2024-10-15,123.773,2.34
2024-10-16,124.1606,2.35
2024-10-17,124.3466,2.38
2024-10-18,124.1511,2.39
2024-10-21,124.7004,2.39
2024-10-22,124.6396,2.41
2024-10-23,124.9181,2.39
2024-10-24,124.743,2.27
2024-10-25,124.8418,2.26
2024-10-28,125.0385,2.27
2024-10-29,125.0952,2.27
2024-10-30,125.0444,2.31
2024-10-31,125.0247,2.28
2024-11-01,125.0403,2.29
2024-11-04,124.8168,2.24
2024-11-05,124.7803,2.22
2024-11-06,125.9311,2.3
2024-11-07,125.016,2.26
2024-11-08,125.8066,2.27
2024-11-12,126.987,2.27
2024-11-13,127.1591,2.28
2024-11-14,127.2123,2.26
2024-11-15,127.1021,2.27
2024-11-18,126.8336,2.27
2024-11-19,126.6361,2.27
2024-11-20,127.1023,2.27
2024-11-21,127.3063,2.26
2024-11-22,127.6683,2.25
2024-11-25,127.211,2.23
2024-11-26,127.6435,2.23
2024-11-27,127.0601,2.2
2024-11-29,126.8114,2.19
2024-12-02,127.3499,2.19
2024-12-03,127.1983,2.2
2024-12-04,126.9956,2.21
2024-12-05,126.6638,2.15
2024-12-06,126.9271,2.17
2024-12-09,126.8394,2.21
2024-12-10,127.1884,2.24
2024-12-11,127.095,2.22
2024-12-12,127.2039,2.25
2024-12-13,127.5569,2.26
2024-12-16,127.5235,2.26
2024-12-17,127.7565,2.26
2024-12-18,127.8936,2.26
2024-12-19,128.8598,2.23
2024-12-20,128.1411,2.24
2024-12-23,128.5356,2.26
2024-12-24,128.5651,2.31
2024-12-26,128.5679,2.31
2024-12-27,128.6972,2.3
2024-12-30,129.0474,2.27
2024-12-31,129.488,2.3
2025-01-02,129.6666,2.27
2025-01-03,129.6721,2.28
2025-01-06,128.7878,2.28
2025-01-07,128.8574,2.32
2025-01-08,129.3038,2.33
2025-01-09,129.4927,2.32
2025-01-10,130.0513,2.35
2025-01-13,130.2142,2.35
2025-01-14,129.5812,2.33
2025-01-15,129.4107,2.32
2025-01-16,129.6284,2.33
2025-01-17,129.6771,2.3
2025-01-21,128.61,2.29
2025-01-22,128.5428,2.32
2025-01-23,128.4336,2.32
2025-01-24,127.6833,2.34
2025-01-27,128.2856,2.31
2025-01-28,128.471,2.32
2025-01-29,128.5324,2.28
2025-01-30,128.2958,2.26
2025-01-31,128.6686,2.3
2025-02-03,129.2815,2.29
2025-02-04,128.2993,2.29
2025-02-05,128.1725,2.27
2025-02-06,128.3958,2.27
2025-02-07,128.6144,2.25
2025-02-10,128.8215,2.28
2025-02-11,128.629,2.28
2025-02-12,128.5321,2.26
2025-02-13,128.0821,2.24
2025-02-14,127.3505,2.24
2025-02-18,127.501,2.25
2025-02-19,127.9207,2.24
2025-02-20,127.3057,2.24
2025-02-21,127.3285,2.23
2025-02-24,127.3749,2.23
2025-02-25,127.5544,2.19
2025-02-26,127.4762,2.18
2025-02-27,128.1589,2.17
2025-02-28,128.4646,2.18
2025-03-03,127.9558,2.13
2025-03-04,128.1864,2.11
2025-03-05,126.7441,2.12
2025-03-06,126.3526,2.15
2025-03-07,126.2243,2.14
2025-03-10,126.5199,2.13
2025-03-11,126.2896,2.12
2025-03-12,126.1251,2.13
2025-03-13,126.2551,2.1
2025-03-14,125.9538,2.12
2025-03-17,125.6291,2.1
2025-03-18,125.7402,2.14
2025-03-19,126.0515,2.12
2025-03-20,126.237,2.11
2025-03-21,126.509,2.15
2025-03-24,126.4403,2.18
2025-03-25,126.3075,2.14
2025-03-26,126.4839,2.18
2025-03-27,126.6098,2.18
2025-03-28,126.6599,2.16
2025-03-31,126.9402,2.15
2025-04-01,126.6783,2.12
2025-04-02,126.6284,2.13
2025-04-03,125.0254,2.06
2025-04-04,126.0693,2.02
2025-04-07,127.0629,2.07
2025-04-08,127.1122,2.09
2025-04-09,126.8819,2.09
2025-04-10,125.3694,2.06
2025-04-11,124.3156,2.07
2025-04-14,123.9908,2.11
2025-04-15,124.1129,2.07
2025-04-16,123.6167,2.05
2025-04-17,123.4733,2.2
2025-04-18,123.3365,
2025-04-21,122.677,2.19
2025-04-22,122.7879,2.24
2025-04-23,123.375,2.25
2025-04-24,123.285,2.25
2025-04-25,123.2454,2.22
2025-04-28,123.0856,2.18
2025-04-29,122.9514,2.17
2025-04-30,122.944,2.17
2025-05-01,123.4811,2.2
2025-05-02,122.859,2.23
2025-05-05,122.6335,2.23
2025-05-06,122.3907,2.18
2025-05-07,122.4652,2.17
2025-05-08,123.1019,2.19
2025-05-09,122.879,2.19
2025-05-12,123.7948,2.23
2025-05-13,123.2905,2.26
2025-05-14,123.0145,2.3
2025-05-15,123.1492,2.27
2025-05-16,123.3969,2.26
2025-05-19,122.7649,2.29
2025-05-20,122.673,2.28
2025-05-21,122.1012,2.27
2025-05-22,122.3865,2.26
2025-05-23,121.7283,2.26
2025-05-27,121.9634,2.23
2025-05-28,122.3295,2.25
2025-05-29,121.9108,2.26
2025-05-30,122.1112,2.29
2025-06-02,121.549,2.28
2025-06-03,121.808,2.26
2025-06-04,121.4093,2.3
2025-06-05,121.3178,2.27
2025-06-06,121.5217,2.27
2025-06-09,121.2757,2.28
2025-06-10,121.4134,2.26
2025-06-11,120.9763,2.24
2025-06-12,120.565,2.22
2025-06-13,120.7131,2.25
2025-06-16,120.5449,2.28
2025-06-17,120.8862,2.27
2025-06-18,121.1093,2.26
2025-06-20,121.411,2.29
2025-06-23,121.5412,2.27
2025-06-24,120.7549,2.28
2025-06-25,120.7333,2.28
2025-06-26,120.0587,2.27
2025-06-27,120.0786,2.27
2025-06-30,119.8269,2.27
2025-07-01,119.7678,2.26
2025-07-02,119.7289,2.26
2025-07-03,119.6678,2.29
2025-07-07,120.0481,2.3
2025-07-08,120.2589,2.31
2025-07-09,120.1608,2.28
2025-07-10,120.253,2.29
2025-07-11,120.3354,2.3
2025-07-14,120.6252,2.33
2025-07-15,120.9095,2.34
2025-07-16,120.8232,2.33
2025-07-17,121.0417,2.33
2025-07-18,120.7674,2.32
2025-07-21,120.4157,2.31
2025-07-22,120.1036,2.31
2025-07-23,119.9888,2.3
2025-07-24,119.9892,2.4
2025-07-25,120.4082,2.41
2025-07-28,121.0228,2.41
2025-07-29,121.3652,2.38
2025-07-30,121.7944,2.36
2025-07-31,122.1088,2.32
2025-08-01,121.6148,2.28
2025-08-04,121.3757,2.33
2025-08-05,121.3068,2.31
2025-08-06,120.9198,2.28
2025-08-07,120.9142,2.29
2025-08-08,120.7562,2.32
2025-08-11,121.1021,2.34
2025-08-12,120.6964,2.33
2025-08-13,120.5533,2.32
2025-08-14,121.0518,2.35
2025-08-15,120.7606,2.34
2025-08-18,120.9792,2.34
2025-08-19,121.137,2.31
2025-08-20,121.1828,2.3
2025-08-21,121.485,2.34
2025-08-22,120.6974,2.34
2025-08-25,120.8298,2.33
2025-08-26,120.9304,2.34
2025-08-27,121.1236,2.36
2025-08-28,120.6537,2.33
2025-08-29,120.6028,2.35
